content_id,publish_date,month,platform,title,url,editor,topic_main,topic_sub,season_keyword,target,format,tone,cta_type,publish_time,views,likes,comments,saves,shares,measure_point,review_note,performance_score,performance_level
HOMEF-0001,2025-01-01,1,홈페이지,지금 대학생에게 필요한 겨울방학 알바 정리,https://example.com/univ/home/2025/01/homef-0001,이도윤,취업,겨울방학 알바,방학,취준생,기사,관찰형,공유 유도,15:30,635,,4,,18,발행 후 30일,,447,보통
IGF-0001,2025-01-02,1,인스타그램,대학생 생활에서 자주 흔들리는 계절학기 마무리 포인트,https://instagram.com/p/igf-0001,김민지,대학생활,계절학기 마무리,방학,전체,릴스,공감형,저장 유도,20:10,"28,768","1,047",139,466,194,발행 후 72시간,초반 반응이 빠르게 올라감,611,높음
HOMEF-0002,2025-01-03,1,홈페이지,대학생 생활에서 자주 흔들리는 새해 목표 포인트,https://example.com/univ/home/2025/01/homef-0002,이도윤,자기계발,새해 목표,방학,재학생,기사,실용형,링크 클릭,09:30,"1,806",,54,,33,발행 후 30일,저장/공유 유도가 잘 먹힘,"1,278",높음
HOMEF-0003,2025-01-03,1,홈페이지,대학생이 방학 루틴 할 때 놓치기 쉬운 것들,https://example.com/univ/home/2025/01/homef-0003,최예준,자기계발,방학 루틴,방학,재학생,인터뷰,실용형,링크 클릭,17:30,220,,5,,5,발행 후 14일,시의성은 맞지만 반응은 낮음,156,낮음
HOMEF-0004,2025-01-04,1,홈페이지,방학에 보는 대학생 계절학기 마무리 체크리스트 현실 버전,https://example.com/univ/home/2025/01/homef-0004,김민지,대학생활,계절학기 마무리,방학,전체,기사,실용형,댓글 유도,11:30,838,,14,,4,발행 후 7일,제목/썸네일 보완 여지 있음,590,높음
IGF-0002,2025-01-06,1,인스타그램,요즘 대학생이 많이 찾는 자격증 계획 팁,https://instagram.com/p/igf-0002,김민지,취업,자격증 계획,방학,취준생,피드,정보형,프로필 링크,11:10,"7,604",897,12,172,150,발행 후 7일,안정적인 반응,442,보통
HOMEF-0005,2025-01-07,1,홈페이지,대학생 관점에서 다시 본 방학 루틴 요약본,https://example.com/univ/home/2025/01/homef-0005,박서윤,자기계발,방학 루틴,방학,전체,기사,공감형,공유 유도,10:40,230,,3,,5,발행 후 14일,시의성은 맞지만 반응은 낮음,162,낮음
IGF-0003,2025-01-08,1,인스타그램,지금 대학생에게 필요한 자격증 계획 정리,https://instagram.com/p/igf-0003,정하린,취업,자격증 계획,방학,취준생,릴스,실용형,공유 유도,11:00,"8,015",402,41,114,56,발행 후 48시간,안정적인 반응,210,보통
IGF-0004,2025-01-09,1,인스타그램,요즘 대학생이 많이 찾는 생활비 관리 팁,https://instagram.com/p/igf-0004,한지우,소비,생활비 관리,방학,자취생,카드뉴스,관찰형,댓글 유도,13:45,"5,212",171,10,80,5,발행 후 7일,,94,보통
HOMEF-0006,2025-01-09,1,홈페이지,대학생이 새해 목표 할 때 놓치기 쉬운 것들,https://example.com/univ/home/2025/01/homef-0006,이도윤,자기계발,새해 목표,방학,전체,기사,정보형,댓글 유도,17:50,"2,151",,33,,63,발행 후 14일,초반 반응이 빠르게 올라감,"1,519",높음
HOMEF-0007,2025-01-12,1,홈페이지,대학생을 위한 생활비 관리 현실 조언 실전편,https://example.com/univ/home/2025/01/homef-0007,최예준,소비,생활비 관리,방학,자취생,기사,공감형,링크 클릭,17:30,657,,4,,21,발행 후 30일,,463,보통
HOMEF-0008,2025-01-13,1,홈페이지,대학생을 위한 자격증 계획 가이드 실전편,https://example.com/univ/home/2025/01/homef-0008,김민지,취업,자격증 계획,방학,취준생,기사,실용형,댓글 유도,09:10,157,,4,,6,발행 후 7일,CTA 보완 필요,111,낮음
IGF-0005,2025-01-13,1,인스타그램,대학생을 위한 실전 방학 루틴 노하우,https://instagram.com/p/igf-0005,정하린,자기계발,방학 루틴,방학,재학생,인터뷰,가벼운 유머형,프로필 링크,20:45,"3,500",593,20,132,99,발행 후 7일,안정적인 반응,299,보통
IGF-0006,2025-01-15,1,인스타그램,대학생을 위한 자격증 계획 가이드 바로 적용편,https://instagram.com/p/igf-0006,최예준,취업,자격증 계획,방학,취준생,카드뉴스,실용형,저장 유도,18:00,"7,592",415,19,226,140,발행 후 72시간,,264,보통
IGF-0007,2025-01-17,1,인스타그램,대학생이라면 한 번쯤 겪는 생활비 관리 현실,https://instagram.com/p/igf-0007,김민지,소비,생활비 관리,방학,자취생,릴스,공감형,공유 유도,12:45,"5,110",403,50,339,146,발행 후 48시간,,297,보통
HOMEF-0009,2025-01-19,1,홈페이지,대학생 관점에서 다시 본 자격증 계획,https://example.com/univ/home/2025/01/homef-0009,최예준,취업,자격증 계획,방학,취준생,기사,관찰형,아카이브 이동,15:10,221,,0,,0,발행 후 30일,,155,낮음
HOMEF-0010,2025-01-19,1,홈페이지,방학에 보는 대학생 방학 루틴 체크리스트 공감 포인트,https://example.com/univ/home/2025/01/homef-0010,김민지,자기계발,방학 루틴,방학,전체,기사,실용형,공유 유도,15:10,882,,10,,23,발행 후 30일,주제 적합도는 높지만 확산력은 보통,622,높음
HOMEF-0011,2025-01-19,1,홈페이지,대학생을 위한 실전 새해 목표 노하우 한눈에 보기,https://example.com/univ/home/2025/01/homef-0011,이도윤,자기계발,새해 목표,방학,전체,카드뉴스,정보형,공유 유도,17:00,"2,368",,44,,27,발행 후 30일,저장/공유 유도가 잘 먹힘,"1,669",높음
HOMEF-0012,2025-01-20,1,홈페이지,대학생을 위한 새해 목표 가이드,https://example.com/univ/home/2025/01/homef-0012,한지우,자기계발,새해 목표,방학,전체,인터뷰,실용형,공유 유도,09:00,307,,1,,1,발행 후 14일,,215,낮음
IGF-0008,2025-01-20,1,인스타그램,대학생이라면 한 번쯤 겪는 생활비 관리 현실 실전편,https://instagram.com/p/igf-0008,박서윤,소비,생활비 관리,방학,자취생,인터뷰,실용형,저장 유도,11:45,"31,872","1,005",126,"1,029",303,발행 후 48시간,,784,높음
HOMEF-0013,2025-01-22,1,홈페이지,대학생 생활에서 자주 흔들리는 새해 목표 포인트,https://example.com/univ/home/2025/01/homef-0013,한지우,자기계발,새해 목표,방학,전체,카드뉴스,실용형,링크 클릭,15:50,123,,2,,0,발행 후 30일,,87,낮음
HOMEF-0014,2025-01-23,1,홈페이지,대학생을 위한 계절학기 마무리 현실 조언,https://example.com/univ/home/2025/01/homef-0014,한지우,대학생활,계절학기 마무리,방학,재학생,기사,실용형,아카이브 이동,14:20,848,,11,,6,발행 후 30일,,596,높음
IGF-0009,2025-01-23,1,인스타그램,대학생을 위한 실전 자격증 계획 노하우,https://instagram.com/p/igf-0009,최예준,취업,자격증 계획,방학,취준생,릴스,정보형,댓글 유도,21:00,"6,014",692,47,367,90,발행 후 72시간,제목/썸네일 보완 여지 있음,410,보통
HOMEF-0015,2025-01-24,1,홈페이지,대학생을 위한 자격증 계획 현실 조언 현실 버전,https://example.com/univ/home/2025/01/homef-0015,김민지,취업,자격증 계획,방학,취준생,기사,실용형,댓글 유도,14:20,479,,4,,18,발행 후 14일,,338,보통
HOMEF-0016,2025-01-25,1,홈페이지,방학에 보는 대학생 생활비 관리 체크리스트,https://example.com/univ/home/2025/01/homef-0016,박서윤,소비,생활비 관리,방학,자취생,기사,공감형,공유 유도,09:00,"1,441",,22,,54,발행 후 30일,,"1,019",높음
IGF-0010,2025-01-25,1,인스타그램,대학생을 위한 실전 계절학기 마무리 노하우 요약본,https://instagram.com/p/igf-0010,박서윤,대학생활,계절학기 마무리,방학,재학생,인터뷰,실용형,공유 유도,13:10,"3,944",168,13,16,29,발행 후 7일,시의성은 맞지만 반응은 낮음,79,보통
IGF-0011,2025-01-25,1,인스타그램,대학생이라면 한 번쯤 겪는 새해 목표 현실,https://instagram.com/p/igf-0011,한지우,자기계발,새해 목표,방학,재학생,릴스,공감형,댓글 유도,13:45,"2,694",151,9,58,18,발행 후 7일,CTA 보완 필요,82,보통
HOMEF-0017,2025-01-26,1,홈페이지,지금 대학생에게 필요한 겨울방학 알바 정리,https://example.com/univ/home/2025/01/homef-0017,김민지,취업,겨울방학 알바,방학,취준생,인터뷰,정보형,공유 유도,09:50,934,,4,,23,발행 후 30일,제목/썸네일 보완 여지 있음,657,높음
IGF-0012,2025-01-27,1,인스타그램,대학생 생활에서 자주 흔들리는 계절학기 마무리 포인트,https://instagram.com/p/igf-0012,한지우,대학생활,계절학기 마무리,방학,전체,카드뉴스,실용형,저장 유도,21:20,"3,135",50,17,61,31,발행 후 7일,시의성은 맞지만 반응은 낮음,46,낮음
IGF-0013,2025-01-27,1,인스타그램,요즘 대학생이 많이 찾는 겨울방학 알바 팁,https://instagram.com/p/igf-0013,김민지,취업,겨울방학 알바,방학,취준생,인터뷰,관찰형,저장 유도,21:30,"25,815","1,502",52,949,393,발행 후 72시간,계절성 주제 반응 우수,969,높음
HOMEF-0018,2025-01-29,1,홈페이지,대학생이라면 한 번쯤 겪는 겨울방학 알바 현실 체크포인트,https://example.com/univ/home/2025/01/homef-0018,정하린,취업,겨울방학 알바,방학,취준생,카드뉴스,관찰형,공유 유도,11:50,"2,520",,44,,64,발행 후 7일,검색 유입형 주제로 재활용 가능,"1,779",높음
HOMEF-0019,2025-01-30,1,홈페이지,요즘 대학생이 많이 찾는 자격증 계획 팁,https://example.com/univ/home/2025/01/homef-0019,이도윤,취업,자격증 계획,방학,취준생,카드뉴스,정보형,댓글 유도,11:30,612,,2,,21,발행 후 30일,안정적인 반응,431,보통
IGF-0014,2025-01-31,1,인스타그램,요즘 대학생이 많이 찾는 새해 목표 팁 입문편,https://instagram.com/p/igf-0014,최예준,자기계발,새해 목표,방학,재학생,피드,공감형,프로필 링크,21:10,"9,495",473,13,208,127,발행 후 7일,,278,보통
IGF-0015,2025-02-01,2,인스타그램,대학생을 위한 실전 새학기 준비물 노하우,https://instagram.com/p/igf-0015,한지우,소비,새학기 준비물,개강,재학생,카드뉴스,가벼운 유머형,공유 유도,11:00,"1,248",158,9,24,32,발행 후 72시간,CTA 보완 필요,78,보통
IGF-0016,2025-02-01,2,인스타그램,개강에 보는 대학생 기숙사 준비 체크리스트 바로 적용편,https://instagram.com/p/igf-0016,이도윤,대학생활,기숙사 준비,개강,자취생,릴스,관찰형,저장 유도,18:45,"3,695",315,36,396,103,발행 후 72시간,,269,보통
HOMEF-0020,2025-02-02,2,홈페이지,대학생 관점에서 다시 본 새내기 적응 실전편,https://example.com/univ/home/2025/02/homef-0020,박서윤,관계,새내기 적응,개강,새내기,카드뉴스,공감형,댓글 유도,17:10,859,,14,,4,발행 후 14일,제목/썸네일 보완 여지 있음,605,높음
IGF-0017,2025-02-02,2,인스타그램,개강에 보는 대학생 통학 루틴 체크리스트 바로 적용편,https://instagram.com/p/igf-0017,김민지,대학생활,통학 루틴,개강,재학생,릴스,실용형,공유 유도,19:05,"8,765",305,42,131,141,발행 후 72시간,시즌 키워드와 맞물린 주제,194,보통
HOMEF-0021,2025-02-03,2,홈페이지,대학생 관점에서 다시 본 통학 루틴,https://example.com/univ/home/2025/02/homef-0021,한지우,대학생활,통학 루틴,개강,전체,기사,실용형,공유 유도,09:40,121,,0,,3,발행 후 14일,,85,낮음
HOMEF-0022,2025-02-04,2,홈페이지,대학생이라면 한 번쯤 겪는 새학기 준비물 현실 실전편,https://example.com/univ/home/2025/02/homef-0022,정하린,소비,새학기 준비물,개강,재학생,기사,실용형,공유 유도,10:10,"2,506",,34,,18,발행 후 30일,초반 반응이 빠르게 올라감,"1,763",높음
HOMEF-0023,2025-02-04,2,홈페이지,대학생을 위한 통학 루틴 현실 조언 실전편,https://example.com/univ/home/2025/02/homef-0023,이도윤,대학생활,통학 루틴,개강,전체,기사,공감형,아카이브 이동,15:10,841,,5,,19,발행 후 30일,시즌 키워드와 맞물린 주제,592,높음
IGF-0018,2025-02-05,2,인스타그램,대학생이 시간표 짜기 할 때 놓치기 쉬운 것들 바로 적용편,https://instagram.com/p/igf-0018,한지우,자기계발,시간표 짜기,개강,재학생,카드뉴스,가벼운 유머형,공유 유도,13:00,"14,712","1,076",92,997,492,발행 후 7일,시즌 키워드와 맞물린 주제,837,높음
HOMEF-0024,2025-02-06,2,홈페이지,대학생이 새내기 적응 할 때 놓치기 쉬운 것들,https://example.com/univ/home/2025/02/homef-0024,이도윤,관계,새내기 적응,개강,새내기,인터뷰,관찰형,공유 유도,10:40,361,,3,,9,발행 후 14일,시의성은 맞지만 반응은 낮음,254,낮음
IGF-0019,2025-02-07,2,인스타그램,대학생이라면 한 번쯤 겪는 수강신청 현실 바로 적용편,https://instagram.com/p/igf-0019,최예준,대학생활,수강신청,개강,전체,카드뉴스,실용형,댓글 유도,12:00,"29,078","1,600",46,878,261,발행 후 72시간,계절성 주제 반응 우수,960,높음
HOMEF-0025,2025-02-10,2,홈페이지,대학생을 위한 실전 기숙사 준비 노하우,https://example.com/univ/home/2025/02/homef-0025,이도윤,대학생활,기숙사 준비,개강,자취생,기사,실용형,링크 클릭,15:20,223,,0,,5,발행 후 14일,후킹 포인트가 약한 편,157,낮음
HOMEF-0026,2025-02-11,2,홈페이지,대학생이라면 한 번쯤 겪는 새내기 적응 현실,https://example.com/univ/home/2025/02/homef-0026,박서윤,관계,새내기 적응,개강,새내기,기사,공감형,링크 클릭,09:00,771,,10,,5,발행 후 30일,안정적인 반응,542,높음
HOMEF-0027,2025-02-12,2,홈페이지,대학생이라면 한 번쯤 겪는 수강신청 현실 한눈에 보기,https://example.com/univ/home/2025/02/homef-0027,최예준,대학생활,수강신청,개강,재학생,기사,실용형,링크 클릭,10:10,782,,8,,22,발행 후 7일,주제 적합도는 높지만 확산력은 보통,551,높음
HOMEF-0028,2025-02-12,2,홈페이지,대학생 관점에서 다시 본 수강신청 한눈에 보기,https://example.com/univ/home/2025/02/homef-0028,박서윤,대학생활,수강신청,개강,재학생,카드뉴스,공감형,공유 유도,15:10,"1,082",,47,,59,발행 후 7일,,773,높음
HOMEF-0029,2025-02-13,2,홈페이지,대학생 관점에서 다시 본 새학기 준비물,https://example.com/univ/home/2025/02/homef-0029,이도윤,소비,새학기 준비물,개강,재학생,인터뷰,실용형,공유 유도,10:00,818,,11,,19,발행 후 30일,안정적인 반응,577,높음
HOMEF-0030,2025-02-13,2,홈페이지,대학생 관점에서 다시 본 수강신청 입문편,https://example.com/univ/home/2025/02/homef-0030,이도윤,대학생활,수강신청,개강,재학생,기사,정보형,링크 클릭,17:10,404,,5,,8,발행 후 30일,,285,보통
HOMEF-0031,2025-02-14,2,홈페이지,대학생을 위한 시간표 짜기 가이드 한눈에 보기,https://example.com/univ/home/2025/02/homef-0031,김민지,자기계발,시간표 짜기,개강,재학생,인터뷰,공감형,링크 클릭,10:00,"1,709",,55,,46,발행 후 30일,시즌 키워드와 맞물린 주제,"1,212",높음
HOMEF-0032,2025-02-14,2,홈페이지,개강에 보는 대학생 시간표 짜기 체크리스트 바로 적용편,https://example.com/univ/home/2025/02/homef-0032,김민지,자기계발,시간표 짜기,개강,재학생,기사,정보형,링크 클릭,15:40,923,,18,,23,발행 후 14일,제목/썸네일 보완 여지 있음,652,높음
HOMEF-0033,2025-02-15,2,홈페이지,대학생 관점에서 다시 본 수강신청,https://example.com/univ/home/2025/02/homef-0033,한지우,대학생활,수강신청,개강,전체,인터뷰,실용형,링크 클릭,11:00,771,,7,,8,발행 후 14일,안정적인 반응,542,높음
IGF-0020,2025-02-16,2,인스타그램,대학생 관점에서 다시 본 통학 루틴 요약본,https://instagram.com/p/igf-0020,정하린,대학생활,통학 루틴,개강,전체,릴스,실용형,저장 유도,11:15,"21,072","1,103",64,546,168,발행 후 48시간,시즌 키워드와 맞물린 주제,645,높음
HOMEF-0034,2025-02-16,2,홈페이지,대학생 관점에서 다시 본 시간표 짜기 바로 적용편,https://example.com/univ/home/2025/02/homef-0034,이도윤,자기계발,시간표 짜기,개강,재학생,기사,공감형,링크 클릭,15:40,809,,12,,22,발행 후 30일,,571,높음
HOMEF-0035,2025-02-18,2,홈페이지,대학생 생활에서 자주 흔들리는 통학 루틴 포인트,https://example.com/univ/home/2025/02/homef-0035,최예준,대학생활,통학 루틴,개강,재학생,기사,공감형,공유 유도,17:50,"2,536",,37,,22,발행 후 14일,시즌 키워드와 맞물린 주제,"1,785",높음
IGF-0021,2025-02-18,2,인스타그램,개강에 보는 대학생 시간표 짜기 체크리스트 현실 버전,https://instagram.com/p/igf-0021,박서윤,자기계발,시간표 짜기,개강,재학생,릴스,실용형,저장 유도,18:05,"22,693","1,759",137,952,485,발행 후 72시간,계절성 주제 반응 우수,"1,100",높음
IGF-0022,2025-02-19,2,인스타그램,대학생이 시간표 짜기 할 때 놓치기 쉬운 것들 체크포인트,https://instagram.com/p/igf-0022,한지우,자기계발,시간표 짜기,개강,재학생,피드,공감형,프로필 링크,11:45,"4,112",234,0,9,8,발행 후 48시간,시의성은 맞지만 반응은 낮음,98,보통
IGF-0023,2025-02-19,2,인스타그램,대학생이라면 한 번쯤 겪는 수강신청 현실 공감 포인트,https://instagram.com/p/igf-0023,한지우,대학생활,수강신청,개강,재학생,카드뉴스,실용형,공유 유도,13:20,"3,222",231,4,53,34,발행 후 72시간,,116,보통
HOMEF-0036,2025-02-20,2,홈페이지,대학생을 위한 수강신청 현실 조언 한눈에 보기,https://example.com/univ/home/2025/02/homef-0036,이도윤,대학생활,수강신청,개강,재학생,카드뉴스,실용형,댓글 유도,17:20,913,,10,,22,발행 후 14일,,643,높음
IGF-0024,2025-02-20,2,인스타그램,대학생이라면 한 번쯤 겪는 새학기 준비물 현실,https://instagram.com/p/igf-0024,한지우,소비,새학기 준비물,개강,재학생,카드뉴스,공감형,댓글 유도,21:10,"31,338","1,994",45,"1,036",282,발행 후 7일,계절성 주제 반응 우수,"1,169",높음
HOMEF-0037,2025-02-25,2,홈페이지,대학생 생활에서 자주 흔들리는 새내기 적응 포인트 입문편,https://example.com/univ/home/2025/02/homef-0037,정하린,관계,새내기 적응,개강,새내기,기사,공감형,공유 유도,09:20,184,,4,,2,발행 후 14일,,130,낮음
HOMEF-0038,2025-02-26,2,홈페이지,대학생 생활에서 자주 흔들리는 수강신청 포인트,https://example.com/univ/home/2025/02/homef-0038,김민지,대학생활,수강신청,개강,재학생,기사,정보형,아카이브 이동,14:50,315,,6,,2,발행 후 7일,CTA 보완 필요,222,낮음
HOMEF-0039,2025-02-27,2,홈페이지,대학생을 위한 실전 수강신청 노하우,https://example.com/univ/home/2025/02/homef-0039,김민지,대학생활,수강신청,개강,재학생,카드뉴스,실용형,아카이브 이동,17:30,"1,547",,39,,32,발행 후 30일,계절성 주제 반응 우수,"1,094",높음
HOMEF-0040,2025-03-02,3,홈페이지,대학생을 위한 친구 만들기 가이드 실전편,https://example.com/univ/home/2025/03/homef-0040,김민지,관계,친구 만들기,신입생 적응,새내기,카드뉴스,관찰형,링크 클릭,17:00,369,,6,,2,발행 후 7일,,260,낮음
HOMEF-0041,2025-03-02,3,홈페이지,대학생이 동아리 할 때 놓치기 쉬운 것들 바로 적용편,https://example.com/univ/home/2025/03/homef-0041,박서윤,대학생활,동아리,신입생 적응,전체,인터뷰,실용형,링크 클릭,17:50,"1,339",,51,,56,발행 후 30일,,953,높음
IGF-0025,2025-03-05,3,인스타그램,대학생이라면 한 번쯤 겪는 개강 적응 현실 실전편,https://instagram.com/p/igf-0025,정하린,대학생활,개강 적응,신입생 적응,전체,릴스,관찰형,댓글 유도,21:15,"6,332",762,37,297,92,발행 후 72시간,,416,보통
IGF-0026,2025-03-06,3,인스타그램,대학생을 위한 실전 팀플 노하우,https://instagram.com/p/igf-0026,최예준,관계,팀플,신입생 적응,전체,릴스,가벼운 유머형,공유 유도,12:30,"19,125","1,667",113,846,168,발행 후 7일,짧은 영상 문법과 잘 맞는 주제,966,높음
HOMEF-0042,2025-03-08,3,홈페이지,대학생을 위한 통학 피로 가이드,https://example.com/univ/home/2025/03/homef-0042,최예준,대학생활,통학 피로,신입생 적응,재학생,기사,실용형,아카이브 이동,10:40,209,,3,,5,발행 후 30일,CTA 보완 필요,147,낮음
HOMEF-0043,2025-03-09,3,홈페이지,대학생이 팀플 할 때 놓치기 쉬운 것들,https://example.com/univ/home/2025/03/homef-0043,최예준,관계,팀플,신입생 적응,재학생,카드뉴스,관찰형,공유 유도,14:00,718,,10,,12,발행 후 7일,,506,보통
IGF-0027,2025-03-09,3,인스타그램,대학생이라면 한 번쯤 겪는 캠퍼스 길찾기 현실 요약본,https://instagram.com/p/igf-0027,한지우,캠퍼스 이슈,캠퍼스 길찾기,신입생 적응,새내기,릴스,가벼운 유머형,댓글 유도,20:45,"10,358",619,39,82,87,발행 후 72시간,주제 적합도는 높지만 확산력은 보통,294,보통
HOMEF-0044,2025-03-10,3,홈페이지,대학생이 친구 만들기 할 때 놓치기 쉬운 것들,https://example.com/univ/home/2025/03/homef-0044,박서윤,관계,친구 만들기,신입생 적응,새내기,기사,공감형,댓글 유도,10:40,"2,341",,12,,57,발행 후 7일,계절성 주제 반응 우수,"1,647",높음
HOMEF-0045,2025-03-10,3,홈페이지,대학생이라면 한 번쯤 겪는 캠퍼스 길찾기 현실,https://example.com/univ/home/2025/03/homef-0045,이도윤,캠퍼스 이슈,캠퍼스 길찾기,신입생 적응,새내기,기사,정보형,아카이브 이동,10:40,"1,060",,52,,51,발행 후 7일,초반 반응이 빠르게 올라감,758,높음
IGF-0028,2025-03-16,3,인스타그램,대학생이라면 한 번쯤 겪는 통학 피로 현실,https://instagram.com/p/igf-0028,정하린,대학생활,통학 피로,신입생 적응,재학생,릴스,가벼운 유머형,댓글 유도,12:20,"3,044",211,16,15,6,발행 후 72시간,짧은 영상 문법과 잘 맞는 주제,92,보통
HOMEF-0046,2025-03-18,3,홈페이지,대학생을 위한 통학 피로 가이드 요약본,https://example.com/univ/home/2025/03/homef-0046,한지우,대학생활,통학 피로,신입생 적응,전체,기사,정보형,댓글 유도,09:40,642,,7,,7,발행 후 30일,제목/썸네일 보완 여지 있음,452,보통
HOMEF-0047,2025-03-18,3,홈페이지,신입생 적응에 보는 대학생 통학 피로 체크리스트 바로 적용편,https://example.com/univ/home/2025/03/homef-0047,한지우,대학생활,통학 피로,신입생 적응,전체,기사,공감형,공유 유도,14:10,"2,677",,21,,68,발행 후 30일,계절성 주제 반응 우수,"1,885",높음
IGF-0029,2025-03-18,3,인스타그램,대학생 생활에서 자주 흔들리는 개강 적응 포인트,https://instagram.com/p/igf-0029,최예준,대학생활,개강 적응,신입생 적응,전체,피드,가벼운 유머형,저장 유도,19:00,"10,713",737,27,389,54,발행 후 48시간,주제 적합도는 높지만 확산력은 보통,425,보통
IGF-0030,2025-03-18,3,인스타그램,대학생을 위한 캠퍼스 길찾기 가이드,https://instagram.com/p/igf-0030,정하린,캠퍼스 이슈,캠퍼스 길찾기,신입생 적응,새내기,카드뉴스,공감형,프로필 링크,20:05,"15,009","1,089",85,687,232,발행 후 7일,,697,높음
IGF-0031,2025-03-19,3,인스타그램,지금 대학생에게 필요한 통학 피로 정리,https://instagram.com/p/igf-0031,정하린,대학생활,통학 피로,신입생 적응,재학생,피드,가벼운 유머형,댓글 유도,18:00,"4,746",669,10,147,40,발행 후 7일,,321,보통
HOMEF-0048,2025-03-21,3,홈페이지,신입생 적응에 보는 대학생 동아리 체크리스트,https://example.com/univ/home/2025/03/homef-0048,최예준,대학생활,동아리,신입생 적응,전체,기사,실용형,링크 클릭,15:10,"2,017",,12,,64,발행 후 30일,계절성 주제 반응 우수,"1,421",높음
IGF-0032,2025-03-22,3,인스타그램,대학생을 위한 캠퍼스 길찾기 현실 조언,https://instagram.com/p/igf-0032,박서윤,캠퍼스 이슈,캠퍼스 길찾기,신입생 적응,새내기,카드뉴스,실용형,댓글 유도,12:05,"3,728",216,14,62,39,발행 후 48시간,CTA 보완 필요,114,보통
IGF-0033,2025-03-22,3,인스타그램,대학생이라면 한 번쯤 겪는 팀플 현실 현실 버전,https://instagram.com/p/igf-0033,김민지,관계,팀플,신입생 적응,재학생,피드,공감형,공유 유도,19:15,"22,141","1,225",100,448,308,발행 후 48시간,,696,높음
HOMEF-0049,2025-03-25,3,홈페이지,대학생이 친구 만들기 할 때 놓치기 쉬운 것들 공감 포인트,https://example.com/univ/home/2025/03/homef-0049,한지우,관계,친구 만들기,신입생 적응,새내기,기사,가벼운 유머형,아카이브 이동,10:10,722,,16,,13,발행 후 14일,주제 적합도는 높지만 확산력은 보통,510,보통
IGF-0034,2025-03-25,3,인스타그램,신입생 적응에 보는 대학생 친구 만들기 체크리스트,https://instagram.com/p/igf-0034,이도윤,관계,친구 만들기,신입생 적응,새내기,카드뉴스,관찰형,댓글 유도,12:45,"12,364",605,24,174,39,발행 후 7일,,304,보통
IGF-0035,2025-03-25,3,인스타그램,대학생 관점에서 다시 본 통학 피로,https://instagram.com/p/igf-0035,정하린,대학생활,통학 피로,신입생 적응,전체,인터뷰,공감형,저장 유도,12:45,705,235,14,7,33,발행 후 72시간,후킹 포인트가 약한 편,104,보통
HOMEF-0050,2025-03-25,3,홈페이지,대학생 생활에서 자주 흔들리는 개강 적응 포인트,https://example.com/univ/home/2025/03/homef-0050,최예준,대학생활,개강 적응,신입생 적응,재학생,기사,공감형,공유 유도,14:30,"2,621",,29,,55,발행 후 7일,초반 반응이 빠르게 올라감,"1,846",높음
HOMEF-0051,2025-03-25,3,홈페이지,신입생 적응에 보는 대학생 통학 피로 체크리스트 현실 버전,https://example.com/univ/home/2025/03/homef-0051,박서윤,대학생활,통학 피로,신입생 적응,재학생,기사,실용형,링크 클릭,17:40,781,,5,,23,발행 후 7일,제목/썸네일 보완 여지 있음,550,높음
HOMEF-0052,2025-03-25,3,홈페이지,대학생을 위한 동아리 현실 조언 요약본,https://example.com/univ/home/2025/03/homef-0052,최예준,대학생활,동아리,신입생 적응,전체,기사,정보형,아카이브 이동,17:50,"2,295",,31,,32,발행 후 7일,저장/공유 유도가 잘 먹힘,"1,616",높음
HOMEF-0053,2025-03-27,3,홈페이지,대학생을 위한 팀플 가이드 공감 포인트,https://example.com/univ/home/2025/03/homef-0053,김민지,관계,팀플,신입생 적응,재학생,기사,관찰형,공유 유도,15:40,"1,953",,33,,30,발행 후 7일,저장/공유 유도가 잘 먹힘,"1,377",높음
HOMEF-0054,2025-03-27,3,홈페이지,대학생 생활에서 자주 흔들리는 친구 만들기 포인트 요약본,https://example.com/univ/home/2025/03/homef-0054,최예준,관계,친구 만들기,신입생 적응,새내기,기사,가벼운 유머형,링크 클릭,17:50,"1,774",,15,,27,발행 후 30일,,"1,248",높음
IGF-0036,2025-03-27,3,인스타그램,대학생을 위한 캠퍼스 길찾기 가이드 공감 포인트,https://instagram.com/p/igf-0036,정하린,캠퍼스 이슈,캠퍼스 길찾기,신입생 적응,새내기,카드뉴스,공감형,프로필 링크,19:05,"25,817","1,451",61,983,397,발행 후 7일,계절성 주제 반응 우수,961,높음
IGF-0037,2025-03-27,3,인스타그램,지금 대학생에게 필요한 캠퍼스 길찾기 정리 실전편,https://instagram.com/p/igf-0037,정하린,캠퍼스 이슈,캠퍼스 길찾기,신입생 적응,새내기,릴스,가벼운 유머형,저장 유도,19:05,"20,938","1,804",45,981,232,발행 후 7일,저장/공유 유도가 잘 먹힘,"1,067",높음
IGF-0038,2025-03-28,3,인스타그램,대학생이 캠퍼스 길찾기 할 때 놓치기 쉬운 것들,https://instagram.com/p/igf-0038,최예준,캠퍼스 이슈,캠퍼스 길찾기,신입생 적응,새내기,카드뉴스,관찰형,공유 유도,13:15,"12,028",694,48,369,104,발행 후 48시간,,414,보통
HOMEF-0055,2025-03-28,3,홈페이지,대학생 생활에서 자주 흔들리는 동아리 포인트,https://example.com/univ/home/2025/03/homef-0055,한지우,대학생활,동아리,신입생 적응,재학생,기사,공감형,공유 유도,17:10,195,,3,,9,발행 후 14일,CTA 보완 필요,138,낮음
HOMEF-0056,2025-03-29,3,홈페이지,대학생을 위한 팀플 현실 조언 현실 버전,https://example.com/univ/home/2025/03/homef-0056,한지우,관계,팀플,신입생 적응,전체,인터뷰,관찰형,링크 클릭,17:50,623,,12,,10,발행 후 14일,제목/썸네일 보완 여지 있음,440,보통
IGF-0039,2025-03-30,3,인스타그램,지금 대학생에게 필요한 동아리 정리 바로 적용편,https://instagram.com/p/igf-0039,최예준,대학생활,동아리,신입생 적응,재학생,피드,공감형,댓글 유도,21:05,"1,056",120,7,67,10,발행 후 72시간,시의성은 맞지만 반응은 낮음,71,낮음
IGF-0040,2025-03-31,3,인스타그램,대학생 생활에서 자주 흔들리는 친구 만들기 포인트 체크포인트,https://instagram.com/p/igf-0040,최예준,관계,친구 만들기,신입생 적응,새내기,카드뉴스,공감형,댓글 유도,18:00,"21,675","1,761",133,604,437,발행 후 48시간,,986,높음
HOMEF-0057,2025-04-02,4,홈페이지,대학생을 위한 실전 시험 루틴 노하우,https://example.com/univ/home/2025/04/homef-0057,정하린,자기계발,시험 루틴,중간고사,재학생,인터뷰,정보형,공유 유도,09:50,366,,5,,8,발행 후 14일,후킹 포인트가 약한 편,258,낮음
HOMEF-0058,2025-04-04,4,홈페이지,대학생이 팀플 스트레스 할 때 놓치기 쉬운 것들,https://example.com/univ/home/2025/04/homef-0058,최예준,관계,팀플 스트레스,중간고사,전체,인터뷰,공감형,공유 유도,09:10,529,,7,,19,발행 후 14일,시즌 키워드와 맞물린 주제,374,보통
HOMEF-0059,2025-04-04,4,홈페이지,지금 대학생에게 필요한 공부 공간 정리,https://example.com/univ/home/2025/04/homef-0059,김민지,캠퍼스 이슈,공부 공간,중간고사,재학생,인터뷰,정보형,링크 클릭,10:50,"1,039",,49,,13,발행 후 30일,초반 반응이 빠르게 올라감,738,높음
HOMEF-0060,2025-04-05,4,홈페이지,지금 대학생에게 필요한 과제 정리 정리 한눈에 보기,https://example.com/univ/home/2025/04/homef-0060,이도윤,대학생활,과제 정리,중간고사,전체,기사,실용형,댓글 유도,14:50,792,,9,,5,발행 후 30일,,557,높음
HOMEF-0061,2025-04-07,4,홈페이지,지금 대학생에게 필요한 집중력 관리 정리 입문편,https://example.com/univ/home/2025/04/homef-0061,최예준,자기계발,집중력 관리,중간고사,재학생,기사,공감형,링크 클릭,11:40,246,,1,,0,발행 후 30일,후킹 포인트가 약한 편,172,낮음
IGF-0041,2025-04-07,4,인스타그램,대학생을 위한 실전 시험 루틴 노하우 입문편,https://instagram.com/p/igf-0041,김민지,자기계발,시험 루틴,중간고사,전체,카드뉴스,실용형,프로필 링크,12:05,"10,044",853,36,215,105,발행 후 72시간,시즌 키워드와 맞물린 주제,430,보통
HOMEF-0062,2025-04-08,4,홈페이지,대학생 관점에서 다시 본 과제 정리 공감 포인트,https://example.com/univ/home/2025/04/homef-0062,이도윤,대학생활,과제 정리,중간고사,재학생,기사,정보형,공유 유도,09:10,866,,17,,3,발행 후 30일,제목/썸네일 보완 여지 있음,610,높음
IGF-0042,2025-04-09,4,인스타그램,요즘 대학생이 많이 찾는 팀플 스트레스 팁 바로 적용편,https://instagram.com/p/igf-0042,한지우,관계,팀플 스트레스,중간고사,재학생,릴스,관찰형,댓글 유도,21:15,"26,797","1,250",54,857,224,발행 후 72시간,초반 반응이 빠르게 올라감,807,높음
IGF-0043,2025-04-10,4,인스타그램,대학생이라면 한 번쯤 겪는 과제 정리 현실 요약본,https://instagram.com/p/igf-0043,김민지,대학생활,과제 정리,중간고사,재학생,피드,가벼운 유머형,공유 유도,21:10,"30,644","1,890",84,"1,036",231,발행 후 48시간,,"1,121",높음
IGF-0044,2025-04-11,4,인스타그램,대학생을 위한 시험 루틴 가이드 바로 적용편,https://instagram.com/p/igf-0044,박서윤,자기계발,시험 루틴,중간고사,재학생,피드,공감형,댓글 유도,13:10,"14,097","1,111",80,471,394,발행 후 48시간,초반 반응이 빠르게 올라감,673,높음
HOMEF-0063,2025-04-12,4,홈페이지,대학생이 팀플 스트레스 할 때 놓치기 쉬운 것들 입문편,https://example.com/univ/home/2025/04/homef-0063,박서윤,관계,팀플 스트레스,중간고사,재학생,기사,공감형,공유 유도,09:20,884,,14,,5,발행 후 30일,안정적인 반응,622,높음
HOMEF-0064,2025-04-13,4,홈페이지,대학생을 위한 시험 루틴 가이드,https://example.com/univ/home/2025/04/homef-0064,한지우,자기계발,시험 루틴,중간고사,재학생,기사,공감형,링크 클릭,10:10,192,,5,,0,발행 후 30일,,135,낮음
HOMEF-0065,2025-04-13,4,홈페이지,대학생을 위한 시험 루틴 가이드 요약본,https://example.com/univ/home/2025/04/homef-0065,정하린,자기계발,시험 루틴,중간고사,재학생,기사,정보형,링크 클릭,15:10,499,,10,,8,발행 후 14일,안정적인 반응,352,보통
HOMEF-0066,2025-04-15,4,홈페이지,대학생이 팀플 스트레스 할 때 놓치기 쉬운 것들 요약본,https://example.com/univ/home/2025/04/homef-0066,이도윤,관계,팀플 스트레스,중간고사,전체,기사,공감형,댓글 유도,09:50,426,,15,,14,발행 후 14일,,303,보통
HOMEF-0067,2025-04-16,4,홈페이지,대학생이 시험 루틴 할 때 놓치기 쉬운 것들 한눈에 보기,https://example.com/univ/home/2025/04/homef-0067,이도윤,자기계발,시험 루틴,중간고사,전체,기사,공감형,댓글 유도,15:30,608,,7,,5,발행 후 7일,,428,보통
HOMEF-0068,2025-04-16,4,홈페이지,대학생을 위한 실전 집중력 관리 노하우 현실 버전,https://example.com/univ/home/2025/04/homef-0068,김민지,자기계발,집중력 관리,중간고사,전체,카드뉴스,공감형,공유 유도,15:50,"1,948",,39,,39,발행 후 7일,초반 반응이 빠르게 올라감,"1,375",높음
HOMEF-0069,2025-04-17,4,홈페이지,중간고사에 보는 대학생 집중력 관리 체크리스트 체크포인트,https://example.com/univ/home/2025/04/homef-0069,최예준,자기계발,집중력 관리,중간고사,재학생,기사,실용형,링크 클릭,10:30,"2,451",,43,,67,발행 후 7일,,"1,731",높음
HOMEF-0070,2025-04-18,4,홈페이지,요즘 대학생이 많이 찾는 공부 공간 팁,https://example.com/univ/home/2025/04/homef-0070,한지우,캠퍼스 이슈,공부 공간,중간고사,재학생,기사,정보형,링크 클릭,09:50,535,,2,,23,발행 후 14일,,377,보통
HOMEF-0071,2025-04-18,4,홈페이지,중간고사에 보는 대학생 공부 공간 체크리스트,https://example.com/univ/home/2025/04/homef-0071,한지우,캠퍼스 이슈,공부 공간,중간고사,재학생,기사,정보형,아카이브 이동,10:40,167,,5,,3,발행 후 7일,CTA 보완 필요,118,낮음
IGF-0045,2025-04-18,4,인스타그램,대학생 생활에서 자주 흔들리는 밤샘 회복 포인트,https://instagram.com/p/igf-0045,박서윤,대학생활,밤샘 회복,중간고사,재학생,릴스,실용형,공유 유도,18:05,"3,103",186,16,5,16,발행 후 72시간,후킹 포인트가 약한 편,81,보통
HOMEF-0072,2025-04-19,4,홈페이지,지금 대학생에게 필요한 밤샘 회복 정리 입문편,https://example.com/univ/home/2025/04/homef-0072,이도윤,대학생활,밤샘 회복,중간고사,재학생,인터뷰,실용형,링크 클릭,17:40,625,,14,,8,발행 후 7일,안정적인 반응,441,보통
IGF-0046,2025-04-19,4,인스타그램,대학생을 위한 실전 공부 공간 노하우,https://instagram.com/p/igf-0046,이도윤,캠퍼스 이슈,공부 공간,중간고사,재학생,피드,관찰형,저장 유도,20:45,"30,158","1,663",91,906,404,발행 후 72시간,,"1,027",높음
HOMEF-0073,2025-04-21,4,홈페이지,대학생을 위한 시험 루틴 가이드 체크포인트,https://example.com/univ/home/2025/04/homef-0073,김민지,자기계발,시험 루틴,중간고사,전체,기사,정보형,링크 클릭,09:50,376,,1,,7,발행 후 14일,,264,낮음
HOMEF-0074,2025-04-22,4,홈페이지,중간고사에 보는 대학생 팀플 스트레스 체크리스트,https://example.com/univ/home/2025/04/homef-0074,한지우,관계,팀플 스트레스,중간고사,재학생,기사,공감형,링크 클릭,09:10,766,,18,,7,발행 후 30일,주제 적합도는 높지만 확산력은 보통,541,높음
HOMEF-0075,2025-04-23,4,홈페이지,대학생을 위한 과제 정리 현실 조언 체크포인트,https://example.com/univ/home/2025/04/homef-0075,최예준,대학생활,과제 정리,중간고사,재학생,기사,실용형,댓글 유도,10:20,"1,604",,14,,36,발행 후 14일,,"1,129",높음
IGF-0047,2025-04-24,4,인스타그램,대학생 생활에서 자주 흔들리는 시험 루틴 포인트 공감 포인트,https://instagram.com/p/igf-0047,최예준,자기계발,시험 루틴,중간고사,재학생,릴스,공감형,공유 유도,13:00,"24,924","1,523",117,"1,095",188,발행 후 72시간,시즌 키워드와 맞물린 주제,987,높음
HOMEF-0076,2025-04-25,4,홈페이지,대학생을 위한 밤샘 회복 가이드 바로 적용편,https://example.com/univ/home/2025/04/homef-0076,한지우,대학생활,밤샘 회복,중간고사,전체,기사,공감형,댓글 유도,11:20,324,,5,,3,발행 후 7일,CTA 보완 필요,228,낮음
IGF-0048,2025-04-25,4,인스타그램,대학생을 위한 과제 정리 현실 조언 현실 버전,https://instagram.com/p/igf-0048,최예준,대학생활,과제 정리,중간고사,재학생,릴스,관찰형,저장 유도,13:00,"6,793",284,38,298,77,발행 후 7일,시즌 키워드와 맞물린 주제,222,보통
HOMEF-0077,2025-04-26,4,홈페이지,지금 대학생에게 필요한 과제 정리 정리 한눈에 보기,https://example.com/univ/home/2025/04/homef-0077,한지우,대학생활,과제 정리,중간고사,전체,인터뷰,정보형,링크 클릭,09:00,505,,7,,9,발행 후 7일,안정적인 반응,356,보통
IGF-0049,2025-04-26,4,인스타그램,중간고사에 보는 대학생 밤샘 회복 체크리스트 실전편,https://instagram.com/p/igf-0049,이도윤,대학생활,밤샘 회복,중간고사,재학생,피드,관찰형,저장 유도,21:45,"2,436",183,18,50,37,발행 후 7일,,97,보통
HOMEF-0078,2025-04-27,4,홈페이지,대학생이 시험 루틴 할 때 놓치기 쉬운 것들 요약본,https://example.com/univ/home/2025/04/homef-0078,한지우,자기계발,시험 루틴,중간고사,재학생,인터뷰,정보형,공유 유도,14:00,354,,2,,5,발행 후 7일,,249,낮음
HOMEF-0079,2025-04-30,4,홈페이지,대학생이 과제 정리 할 때 놓치기 쉬운 것들 바로 적용편,https://example.com/univ/home/2025/04/homef-0079,박서윤,대학생활,과제 정리,중간고사,전체,기사,정보형,공유 유도,11:10,216,,5,,9,발행 후 7일,,153,낮음
HOMEF-0080,2025-05-03,5,홈페이지,대학생을 위한 행사 뒤풀이 가이드 공감 포인트,https://example.com/univ/home/2025/05/homef-0080,한지우,관계,행사 뒤풀이,축제,전체,기사,관찰형,댓글 유도,11:20,340,,4,,3,발행 후 30일,시의성은 맞지만 반응은 낮음,239,낮음
IGF-0050,2025-05-03,5,인스타그램,대학생을 위한 축제 예산 가이드,https://instagram.com/p/igf-0050,박서윤,소비,축제 예산,축제,전체,릴스,공감형,저장 유도,19:00,"11,327",862,41,200,125,발행 후 48시간,짧은 영상 문법과 잘 맞는 주제,434,보통
IGF-0051,2025-05-04,5,인스타그램,지금 대학생에게 필요한 축제 예산 정리,https://instagram.com/p/igf-0051,정하린,소비,축제 예산,축제,전체,카드뉴스,관찰형,공유 유도,21:20,"20,558","1,168",58,940,396,발행 후 48시간,계절성 주제 반응 우수,834,높음
IGF-0052,2025-05-05,5,인스타그램,대학생을 위한 관계 피로 현실 조언,https://instagram.com/p/igf-0052,최예준,관계,관계 피로,축제,전체,릴스,공감형,댓글 유도,21:00,"13,200",630,45,95,134,발행 후 48시간,,312,보통
HOMEF-0081,2025-05-06,5,홈페이지,대학생이 행사 뒤풀이 할 때 놓치기 쉬운 것들 입문편,https://example.com/univ/home/2025/05/homef-0081,이도윤,관계,행사 뒤풀이,축제,전체,기사,관찰형,댓글 유도,11:50,182,,4,,3,발행 후 7일,,129,낮음
IGF-0053,2025-05-06,5,인스타그램,대학생을 위한 축제 예산 가이드 요약본,https://instagram.com/p/igf-0053,정하린,소비,축제 예산,축제,전체,피드,공감형,댓글 유도,19:10,"13,653","1,003",124,"1,089",344,발행 후 48시간,,809,높음
IGF-0054,2025-05-08,5,인스타그램,대학생을 위한 체력 관리 현실 조언 요약본,https://instagram.com/p/igf-0054,김민지,대학생활,체력 관리,축제,재학생,카드뉴스,공감형,프로필 링크,11:45,"17,158",950,99,506,358,발행 후 72시간,,613,높음
IGF-0055,2025-05-08,5,인스타그램,지금 대학생에게 필요한 축제 예산 정리,https://instagram.com/p/igf-0055,정하린,소비,축제 예산,축제,전체,릴스,가벼운 유머형,공유 유도,20:15,"6,982",690,13,153,105,발행 후 72시간,안정적인 반응,344,보통
IGF-0056,2025-05-08,5,인스타그램,대학생이라면 한 번쯤 겪는 캠퍼스 이벤트 현실 한눈에 보기,https://instagram.com/p/igf-0056,이도윤,캠퍼스 이슈,캠퍼스 이벤트,축제,재학생,카드뉴스,가벼운 유머형,저장 유도,21:20,"3,814",219,17,55,32,발행 후 72시간,후킹 포인트가 약한 편,112,보통
IGF-0057,2025-05-09,5,인스타그램,지금 대학생에게 필요한 관계 피로 정리,https://instagram.com/p/igf-0057,최예준,관계,관계 피로,축제,전체,릴스,관찰형,댓글 유도,12:20,"7,329",296,30,397,109,발행 후 48시간,제목/썸네일 보완 여지 있음,262,보통
IGF-0058,2025-05-10,5,인스타그램,대학생을 위한 관계 피로 현실 조언,https://instagram.com/p/igf-0058,이도윤,관계,관계 피로,축제,재학생,인터뷰,공감형,프로필 링크,20:30,"2,202",185,18,33,15,발행 후 48시간,,89,보통
IGF-0059,2025-05-12,5,인스타그램,요즘 대학생이 많이 찾는 체력 관리 팁 현실 버전,https://instagram.com/p/igf-0059,박서윤,대학생활,체력 관리,축제,재학생,카드뉴스,관찰형,저장 유도,13:30,"7,838",385,11,82,135,발행 후 72시간,,207,보통
HOMEF-0082,2025-05-15,5,홈페이지,요즘 대학생이 많이 찾는 축제 룩 팁,https://example.com/univ/home/2025/05/homef-0082,김민지,소비,축제 룩,축제,전체,카드뉴스,정보형,링크 클릭,10:40,598,,5,,13,발행 후 7일,주제 적합도는 높지만 확산력은 보통,421,보통
HOMEF-0083,2025-05-15,5,홈페이지,대학생을 위한 캠퍼스 이벤트 가이드 체크포인트,https://example.com/univ/home/2025/05/homef-0083,최예준,캠퍼스 이슈,캠퍼스 이벤트,축제,전체,기사,공감형,공유 유도,11:40,486,,17,,9,발행 후 30일,안정적인 반응,345,보통
IGF-0060,2025-05-15,5,인스타그램,대학생을 위한 행사 뒤풀이 가이드 한눈에 보기,https://instagram.com/p/igf-0060,한지우,관계,행사 뒤풀이,축제,재학생,카드뉴스,공감형,공유 유도,13:20,"3,539",413,14,138,111,발행 후 7일,안정적인 반응,230,보통
HOMEF-0084,2025-05-15,5,홈페이지,대학생을 위한 실전 축제 룩 노하우,https://example.com/univ/home/2025/05/homef-0084,최예준,소비,축제 룩,축제,전체,카드뉴스,실용형,공유 유도,14:30,470,,6,,24,발행 후 14일,,333,보통
HOMEF-0085,2025-05-15,5,홈페이지,대학생을 위한 실전 캠퍼스 이벤트 노하우 한눈에 보기,https://example.com/univ/home/2025/05/homef-0085,김민지,캠퍼스 이슈,캠퍼스 이벤트,축제,전체,인터뷰,공감형,공유 유도,15:20,196,,3,,2,발행 후 30일,시의성은 맞지만 반응은 낮음,138,낮음
IGF-0061,2025-05-16,5,인스타그램,요즘 대학생이 많이 찾는 체력 관리 팁 실전편,https://instagram.com/p/igf-0061,이도윤,대학생활,체력 관리,축제,재학생,릴스,공감형,저장 유도,20:15,"9,970",542,52,119,126,발행 후 72시간,제목/썸네일 보완 여지 있음,283,보통
IGF-0062,2025-05-17,5,인스타그램,대학생을 위한 실전 체력 관리 노하우 요약본,https://instagram.com/p/igf-0062,한지우,대학생활,체력 관리,축제,전체,릴스,공감형,공유 유도,11:10,"4,337",348,21,298,38,발행 후 48시간,,238,보통
HOMEF-0086,2025-05-17,5,홈페이지,대학생이라면 한 번쯤 겪는 행사 뒤풀이 현실 현실 버전,https://example.com/univ/home/2025/05/homef-0086,이도윤,관계,행사 뒤풀이,축제,재학생,기사,공감형,링크 클릭,15:10,630,,12,,3,발행 후 14일,주제 적합도는 높지만 확산력은 보통,444,보통
IGF-0063,2025-05-17,5,인스타그램,요즘 대학생이 많이 찾는 관계 피로 팁,https://instagram.com/p/igf-0063,최예준,관계,관계 피로,축제,재학생,릴스,공감형,저장 유도,20:30,"28,070","1,355",102,760,412,발행 후 7일,초반 반응이 빠르게 올라감,863,높음
HOMEF-0087,2025-05-18,5,홈페이지,대학생이라면 한 번쯤 겪는 축제 예산 현실,https://example.com/univ/home/2025/05/homef-0087,정하린,소비,축제 예산,축제,전체,기사,실용형,링크 클릭,11:30,842,,17,,15,발행 후 7일,제목/썸네일 보완 여지 있음,594,높음
IGF-0064,2025-05-19,5,인스타그램,요즘 대학생이 많이 찾는 캠퍼스 이벤트 팁,https://instagram.com/p/igf-0064,이도윤,캠퍼스 이슈,캠퍼스 이벤트,축제,재학생,카드뉴스,공감형,공유 유도,13:10,"13,127",570,52,386,116,발행 후 72시간,제목/썸네일 보완 여지 있음,372,보통
HOMEF-0088,2025-05-19,5,홈페이지,대학생 관점에서 다시 본 체력 관리 입문편,https://example.com/univ/home/2025/05/homef-0088,한지우,대학생활,체력 관리,축제,재학생,기사,실용형,아카이브 이동,15:30,375,,1,,8,발행 후 30일,시즌 키워드와 맞물린 주제,264,낮음
HOMEF-0089,2025-05-21,5,홈페이지,대학생 생활에서 자주 흔들리는 관계 피로 포인트 바로 적용편,https://example.com/univ/home/2025/05/homef-0089,박서윤,관계,관계 피로,축제,전체,인터뷰,공감형,공유 유도,10:50,495,,2,,13,발행 후 7일,,348,보통
HOMEF-0090,2025-05-22,5,홈페이지,축제에 보는 대학생 체력 관리 체크리스트,https://example.com/univ/home/2025/05/homef-0090,한지우,대학생활,체력 관리,축제,재학생,기사,정보형,아카이브 이동,17:10,146,,1,,5,발행 후 30일,후킹 포인트가 약한 편,103,낮음
IGF-0065,2025-05-22,5,인스타그램,축제에 보는 대학생 관계 피로 체크리스트,https://instagram.com/p/igf-0065,한지우,관계,관계 피로,축제,재학생,카드뉴스,관찰형,저장 유도,19:15,"24,863","1,823",39,743,298,발행 후 48시간,,"1,016",높음
HOMEF-0091,2025-05-23,5,홈페이지,요즘 대학생이 많이 찾는 체력 관리 팁 요약본,https://example.com/univ/home/2025/05/homef-0091,한지우,대학생활,체력 관리,축제,재학생,카드뉴스,실용형,링크 클릭,15:30,"1,203",,41,,60,발행 후 30일,시즌 키워드와 맞물린 주제,856,높음
HOMEF-0092,2025-05-27,5,홈페이지,대학생 관점에서 다시 본 행사 뒤풀이,https://example.com/univ/home/2025/05/homef-0092,김민지,관계,행사 뒤풀이,축제,재학생,기사,가벼운 유머형,댓글 유도,15:20,234,,1,,1,발행 후 7일,,164,낮음
IGF-0066,2025-05-29,5,인스타그램,대학생 관점에서 다시 본 축제 예산 한눈에 보기,https://instagram.com/p/igf-0066,박서윤,소비,축제 예산,축제,전체,피드,가벼운 유머형,댓글 유도,18:15,"24,737","1,709",123,840,482,발행 후 72시간,,"1,044",높음
IGF-0067,2025-05-31,5,인스타그램,요즘 대학생이 많이 찾는 캠퍼스 이벤트 팁,https://instagram.com/p/igf-0067,한지우,캠퍼스 이슈,캠퍼스 이벤트,축제,재학생,피드,관찰형,저장 유도,12:20,"10,114",612,10,309,123,발행 후 7일,안정적인 반응,363,보통
IGF-0068,2025-05-31,5,인스타그램,대학생 생활에서 자주 흔들리는 축제 예산 포인트,https://instagram.com/p/igf-0068,이도윤,소비,축제 예산,축제,전체,인터뷰,실용형,프로필 링크,13:10,"8,035",251,22,375,55,발행 후 7일,,226,보통
IGF-0069,2025-05-31,5,인스타그램,대학생 생활에서 자주 흔들리는 행사 뒤풀이 포인트 입문편,https://instagram.com/p/igf-0069,박서윤,관계,행사 뒤풀이,축제,전체,릴스,공감형,공유 유도,21:20,"23,601","1,508",123,934,283,발행 후 7일,,952,높음
HOMEF-0093,2025-06-01,6,홈페이지,대학생이라면 한 번쯤 겪는 종강 체크리스트 현실 입문편,https://example.com/univ/home/2025/06/homef-0093,김민지,대학생활,종강 체크리스트,종강,재학생,기사,정보형,공유 유도,14:40,571,,7,,14,발행 후 7일,주제 적합도는 높지만 확산력은 보통,403,보통
HOMEF-0094,2025-06-01,6,홈페이지,요즘 대학생이 많이 찾는 수면 회복 팁,https://example.com/univ/home/2025/06/homef-0094,최예준,자기계발,수면 회복,종강,재학생,기사,실용형,아카이브 이동,17:30,125,,3,,3,발행 후 7일,시의성은 맞지만 반응은 낮음,88,낮음
IGF-0070,2025-06-02,6,인스타그램,대학생 생활에서 자주 흔들리는 팀플 마감 포인트 바로 적용편,https://instagram.com/p/igf-0070,김민지,관계,팀플 마감,종강,재학생,인터뷰,관찰형,댓글 유도,21:45,"25,707","1,427",49,849,452,발행 후 72시간,,921,높음
IGF-0071,2025-06-03,6,인스타그램,요즘 대학생이 많이 찾는 수면 회복 팁,https://instagram.com/p/igf-0071,한지우,자기계발,수면 회복,종강,전체,릴스,관찰형,저장 유도,12:45,"12,162","1,820",52,821,268,발행 후 48시간,,"1,033",높음
HOMEF-0095,2025-06-03,6,홈페이지,대학생을 위한 팀플 마감 현실 조언,https://example.com/univ/home/2025/06/homef-0095,이도윤,관계,팀플 마감,종강,재학생,기사,가벼운 유머형,링크 클릭,14:00,677,,14,,7,발행 후 30일,주제 적합도는 높지만 확산력은 보통,477,보통
HOMEF-0096,2025-06-03,6,홈페이지,대학생을 위한 실전 종강 체크리스트 노하우,https://example.com/univ/home/2025/06/homef-0096,박서윤,대학생활,종강 체크리스트,종강,재학생,기사,공감형,공유 유도,17:40,539,,2,,18,발행 후 14일,,380,보통
HOMEF-0097,2025-06-04,6,홈페이지,대학생이라면 한 번쯤 겪는 기말고사 현실 입문편,https://example.com/univ/home/2025/06/homef-0097,한지우,대학생활,기말고사,종강,재학생,기사,공감형,댓글 유도,17:20,323,,1,,5,발행 후 7일,,227,낮음
IGF-0072,2025-06-06,6,인스타그램,종강에 보는 대학생 종강 체크리스트 체크리스트 요약본,https://instagram.com/p/igf-0072,최예준,대학생활,종강 체크리스트,종강,재학생,카드뉴스,가벼운 유머형,저장 유도,20:15,"1,798",116,18,24,13,발행 후 72시간,시의성은 맞지만 반응은 낮음,58,낮음
HOMEF-0098,2025-06-07,6,홈페이지,종강에 보는 대학생 기말고사 체크리스트,https://example.com/univ/home/2025/06/homef-0098,김민지,대학생활,기말고사,종강,전체,기사,공감형,링크 클릭,15:10,339,,2,,0,발행 후 14일,후킹 포인트가 약한 편,238,낮음
HOMEF-0099,2025-06-08,6,홈페이지,요즘 대학생이 많이 찾는 기말고사 팁,https://example.com/univ/home/2025/06/homef-0099,최예준,대학생활,기말고사,종강,재학생,기사,공감형,공유 유도,15:00,393,,1,,0,발행 후 7일,시의성은 맞지만 반응은 낮음,275,보통
IGF-0073,2025-06-10,6,인스타그램,대학생이 방학 계획 할 때 놓치기 쉬운 것들 요약본,https://instagram.com/p/igf-0073,정하린,자기계발,방학 계획,종강,전체,릴스,가벼운 유머형,댓글 유도,20:00,"1,483",115,4,29,26,발행 후 48시간,후킹 포인트가 약한 편,60,낮음
HOMEF-0100,2025-06-11,6,홈페이지,대학생 관점에서 다시 본 기말고사 요약본,https://example.com/univ/home/2025/06/homef-0100,최예준,대학생활,기말고사,종강,전체,기사,실용형,공유 유도,10:10,294,,3,,0,발행 후 7일,시의성은 맞지만 반응은 낮음,206,낮음
HOMEF-0101,2025-06-11,6,홈페이지,대학생 관점에서 다시 본 기말고사 실전편,https://example.com/univ/home/2025/06/homef-0101,한지우,대학생활,기말고사,종강,재학생,인터뷰,공감형,링크 클릭,11:50,"1,616",,33,,52,발행 후 7일,,"1,143",높음
HOMEF-0102,2025-06-11,6,홈페이지,대학생이 종강 체크리스트 할 때 놓치기 쉬운 것들,https://example.com/univ/home/2025/06/homef-0102,정하린,대학생활,종강 체크리스트,종강,재학생,기사,실용형,공유 유도,17:50,"2,555",,35,,38,발행 후 14일,,"1,799",높음
HOMEF-0103,2025-06-12,6,홈페이지,대학생을 위한 과제 마감 현실 조언 입문편,https://example.com/univ/home/2025/06/homef-0103,한지우,대학생활,과제 마감,종강,재학생,기사,공감형,아카이브 이동,09:00,339,,4,,1,발행 후 14일,후킹 포인트가 약한 편,238,낮음
HOMEF-0104,2025-06-12,6,홈페이지,대학생을 위한 과제 마감 가이드 현실 버전,https://example.com/univ/home/2025/06/homef-0104,김민지,대학생활,과제 마감,종강,재학생,기사,실용형,아카이브 이동,09:40,352,,4,,8,발행 후 14일,시의성은 맞지만 반응은 낮음,248,낮음
HOMEF-0105,2025-06-14,6,홈페이지,대학생을 위한 실전 종강 체크리스트 노하우,https://example.com/univ/home/2025/06/homef-0105,한지우,대학생활,종강 체크리스트,종강,재학생,기사,정보형,링크 클릭,10:10,"2,139",,52,,20,발행 후 30일,계절성 주제 반응 우수,"1,510",높음
IGF-0074,2025-06-15,6,인스타그램,대학생 관점에서 다시 본 기말고사,https://instagram.com/p/igf-0074,정하린,대학생활,기말고사,종강,재학생,피드,관찰형,저장 유도,20:10,"9,673",846,33,376,58,발행 후 7일,제목/썸네일 보완 여지 있음,466,보통
HOMEF-0106,2025-06-18,6,홈페이지,종강에 보는 대학생 팀플 마감 체크리스트 한눈에 보기,https://example.com/univ/home/2025/06/homef-0106,한지우,관계,팀플 마감,종강,재학생,기사,관찰형,댓글 유도,14:20,143,,5,,0,발행 후 7일,시의성은 맞지만 반응은 낮음,101,낮음
HOMEF-0107,2025-06-18,6,홈페이지,대학생이라면 한 번쯤 겪는 종강 체크리스트 현실 현실 버전,https://example.com/univ/home/2025/06/homef-0107,박서윤,대학생활,종강 체크리스트,종강,재학생,인터뷰,정보형,공유 유도,15:20,732,,5,,22,발행 후 14일,,516,보통
HOMEF-0108,2025-06-18,6,홈페이지,종강에 보는 대학생 팀플 마감 체크리스트,https://example.com/univ/home/2025/06/homef-0108,이도윤,관계,팀플 마감,종강,재학생,기사,관찰형,댓글 유도,17:20,243,,6,,1,발행 후 7일,CTA 보완 필요,171,낮음
IGF-0075,2025-06-18,6,인스타그램,지금 대학생에게 필요한 수면 회복 정리,https://instagram.com/p/igf-0075,한지우,자기계발,수면 회복,종강,전체,릴스,실용형,공유 유도,20:05,"9,462",496,41,201,97,발행 후 7일,제목/썸네일 보완 여지 있음,282,보통
IGF-0076,2025-06-20,6,인스타그램,대학생을 위한 과제 마감 현실 조언,https://instagram.com/p/igf-0076,김민지,대학생활,과제 마감,종강,전체,카드뉴스,관찰형,프로필 링크,12:20,"23,923","1,103",72,481,236,발행 후 48시간,,640,높음
HOMEF-0109,2025-06-20,6,홈페이지,대학생을 위한 팀플 마감 현실 조언,https://example.com/univ/home/2025/06/homef-0109,이도윤,관계,팀플 마감,종강,재학생,기사,관찰형,공유 유도,17:50,794,,9,,9,발행 후 14일,,559,높음
HOMEF-0110,2025-06-21,6,홈페이지,대학생 관점에서 다시 본 방학 계획,https://example.com/univ/home/2025/06/homef-0110,최예준,자기계발,방학 계획,종강,재학생,기사,정보형,공유 유도,14:40,753,,13,,8,발행 후 7일,,531,보통
HOMEF-0111,2025-06-22,6,홈페이지,대학생을 위한 과제 마감 가이드 요약본,https://example.com/univ/home/2025/06/homef-0111,이도윤,대학생활,과제 마감,종강,재학생,기사,실용형,아카이브 이동,11:00,172,,4,,2,발행 후 30일,,121,낮음
HOMEF-0112,2025-06-23,6,홈페이지,대학생이 팀플 마감 할 때 놓치기 쉬운 것들 바로 적용편,https://example.com/univ/home/2025/06/homef-0112,최예준,관계,팀플 마감,종강,재학생,인터뷰,공감형,공유 유도,11:40,239,,0,,2,발행 후 7일,시의성은 맞지만 반응은 낮음,168,낮음
IGF-0077,2025-06-24,6,인스타그램,종강에 보는 대학생 과제 마감 체크리스트 요약본,https://instagram.com/p/igf-0077,이도윤,대학생활,과제 마감,종강,재학생,카드뉴스,가벼운 유머형,공유 유도,19:45,"6,412",507,18,234,94,발행 후 7일,,294,보통
IGF-0078,2025-06-28,6,인스타그램,요즘 대학생이 많이 찾는 종강 체크리스트 팁,https://instagram.com/p/igf-0078,이도윤,대학생활,종강 체크리스트,종강,재학생,카드뉴스,실용형,프로필 링크,20:10,"1,277",219,8,71,40,발행 후 7일,,118,보통
IGF-0079,2025-06-28,6,인스타그램,대학생 관점에서 다시 본 방학 계획 현실 버전,https://instagram.com/p/igf-0079,최예준,자기계발,방학 계획,종강,재학생,피드,공감형,댓글 유도,21:20,"1,488",170,8,17,37,발행 후 48시간,,81,보통
HOMEF-0113,2025-06-30,6,홈페이지,대학생 생활에서 자주 흔들리는 기말고사 포인트 공감 포인트,https://example.com/univ/home/2025/06/homef-0113,정하린,대학생활,기말고사,종강,전체,기사,공감형,댓글 유도,09:10,286,,2,,4,발행 후 30일,,201,낮음
HOMEF-0114,2025-06-30,6,홈페이지,대학생을 위한 실전 기말고사 노하우 체크포인트,https://example.com/univ/home/2025/06/homef-0114,김민지,대학생활,기말고사,종강,전체,인터뷰,실용형,링크 클릭,15:10,"2,648",,28,,24,발행 후 14일,,"1,862",높음
IGF-0080,2025-07-02,7,인스타그램,대학생 생활에서 자주 흔들리는 대외활동 준비 포인트 현실 버전,https://instagram.com/p/igf-0080,이도윤,취업,대외활동 준비,방학,취준생,인터뷰,관찰형,댓글 유도,19:05,"1,693",176,1,59,40,발행 후 48시간,CTA 보완 필요,96,보통
HOMEF-0115,2025-07-03,7,홈페이지,방학에 보는 대학생 자격증 공부 체크리스트 실전편,https://example.com/univ/home/2025/07/homef-0115,박서윤,취업,자격증 공부,방학,취준생,카드뉴스,관찰형,아카이브 이동,10:00,319,,3,,6,발행 후 30일,검색 유입형 주제로 재활용 가능,225,낮음
IGF-0081,2025-07-03,7,인스타그램,대학생을 위한 자격증 공부 현실 조언,https://instagram.com/p/igf-0081,박서윤,취업,자격증 공부,방학,취준생,카드뉴스,정보형,댓글 유도,12:00,"8,487",493,53,165,30,발행 후 7일,주제 적합도는 높지만 확산력은 보통,258,보통
HOMEF-0116,2025-07-04,7,홈페이지,대학생이 대외활동 준비 할 때 놓치기 쉬운 것들,https://example.com/univ/home/2025/07/homef-0116,이도윤,취업,대외활동 준비,방학,취준생,카드뉴스,정보형,링크 클릭,11:30,790,,15,,22,발행 후 7일,,558,높음
IGF-0082,2025-07-05,7,인스타그램,대학생이라면 한 번쯤 겪는 대외활동 준비 현실 실전편,https://instagram.com/p/igf-0082,이도윤,취업,대외활동 준비,방학,취준생,릴스,실용형,저장 유도,18:20,"18,089","1,506",82,611,382,발행 후 72시간,저장/공유 유도가 잘 먹힘,870,높음
IGF-0083,2025-07-06,7,인스타그램,대학생을 위한 여름방학 루틴 현실 조언 실전편,https://instagram.com/p/igf-0083,이도윤,자기계발,여름방학 루틴,방학,재학생,릴스,실용형,댓글 유도,12:20,"29,673","1,885",35,842,265,발행 후 7일,,"1,063",높음
IGF-0084,2025-07-06,7,인스타그램,대학생을 위한 알바와 여행 현실 조언,https://instagram.com/p/igf-0084,한지우,소비,알바와 여행,방학,재학생,피드,가벼운 유머형,공유 유도,13:45,"9,758",516,49,384,80,발행 후 7일,,343,보통
HOMEF-0117,2025-07-07,7,홈페이지,지금 대학생에게 필요한 자격증 공부 정리 현실 버전,https://example.com/univ/home/2025/07/homef-0117,김민지,취업,자격증 공부,방학,취준생,기사,정보형,아카이브 이동,15:40,230,,3,,2,발행 후 14일,,162,낮음
IGF-0085,2025-07-07,7,인스타그램,대학생을 위한 대외활동 준비 현실 조언,https://instagram.com/p/igf-0085,김민지,취업,대외활동 준비,방학,취준생,인터뷰,관찰형,프로필 링크,19:10,"8,458",845,12,388,83,발행 후 7일,제목/썸네일 보완 여지 있음,472,보통
IGF-0086,2025-07-08,7,인스타그램,대학생 생활에서 자주 흔들리는 휴식 계획 포인트 요약본,https://instagram.com/p/igf-0086,한지우,자기계발,휴식 계획,방학,재학생,피드,가벼운 유머형,저장 유도,11:30,"12,653",569,52,272,102,발행 후 7일,안정적인 반응,335,보통
IGF-0087,2025-07-09,7,인스타그램,대학생이라면 한 번쯤 겪는 여름방학 루틴 현실 한눈에 보기,https://instagram.com/p/igf-0087,최예준,자기계발,여름방학 루틴,방학,전체,릴스,관찰형,저장 유도,11:10,"3,724",718,48,87,124,발행 후 48시간,안정적인 반응,343,보통
IGF-0088,2025-07-10,7,인스타그램,대학생을 위한 실전 소비 관리 노하우 요약본,https://instagram.com/p/igf-0088,최예준,소비,소비 관리,방학,전체,카드뉴스,관찰형,공유 유도,13:10,"5,077",880,13,245,30,발행 후 7일,안정적인 반응,433,보통
HOMEF-0118,2025-07-11,7,홈페이지,대학생 관점에서 다시 본 휴식 계획 입문편,https://example.com/univ/home/2025/07/homef-0118,정하린,자기계발,휴식 계획,방학,재학생,카드뉴스,공감형,댓글 유도,10:50,743,,10,,15,발행 후 7일,제목/썸네일 보완 여지 있음,524,보통
IGF-0089,2025-07-12,7,인스타그램,대학생을 위한 대외활동 준비 가이드,https://instagram.com/p/igf-0089,박서윤,취업,대외활동 준비,방학,취준생,릴스,실용형,저장 유도,18:05,"1,749",169,7,53,35,발행 후 72시간,후킹 포인트가 약한 편,91,보통
HOMEF-0119,2025-07-13,7,홈페이지,대학생이라면 한 번쯤 겪는 대외활동 준비 현실 체크포인트,https://example.com/univ/home/2025/07/homef-0119,이도윤,취업,대외활동 준비,방학,취준생,기사,관찰형,공유 유도,17:10,476,,11,,19,발행 후 7일,,337,보통
IGF-0090,2025-07-14,7,인스타그램,대학생이 휴식 계획 할 때 놓치기 쉬운 것들 바로 적용편,https://instagram.com/p/igf-0090,최예준,자기계발,휴식 계획,방학,재학생,피드,관찰형,댓글 유도,19:20,"5,233",140,17,30,20,발행 후 7일,시의성은 맞지만 반응은 낮음,71,낮음
IGF-0091,2025-07-14,7,인스타그램,대학생이라면 한 번쯤 겪는 알바와 여행 현실 바로 적용편,https://instagram.com/p/igf-0091,박서윤,소비,알바와 여행,방학,전체,피드,실용형,공유 유도,21:20,"13,418",563,40,156,91,발행 후 7일,,294,보통
IGF-0092,2025-07-16,7,인스타그램,대학생을 위한 실전 알바와 여행 노하우 현실 버전,https://instagram.com/p/igf-0092,박서윤,소비,알바와 여행,방학,전체,피드,가벼운 유머형,댓글 유도,13:00,"4,796",70,2,31,7,발행 후 72시간,CTA 보완 필요,39,낮음
HOMEF-0120,2025-07-17,7,홈페이지,대학생을 위한 실전 알바와 여행 노하우,https://example.com/univ/home/2025/07/homef-0120,김민지,소비,알바와 여행,방학,전체,기사,공감형,공유 유도,10:30,534,,14,,12,발행 후 30일,주제 적합도는 높지만 확산력은 보통,378,보통
IGF-0093,2025-07-18,7,인스타그램,요즘 대학생이 많이 찾는 대외활동 준비 팁,https://instagram.com/p/igf-0093,최예준,취업,대외활동 준비,방학,취준생,릴스,정보형,댓글 유도,12:00,"13,255",374,44,247,122,발행 후 7일,주제 적합도는 높지만 확산력은 보통,253,보통
IGF-0094,2025-07-18,7,인스타그램,대학생을 위한 여름방학 루틴 가이드 현실 버전,https://instagram.com/p/igf-0094,박서윤,자기계발,여름방학 루틴,방학,전체,카드뉴스,실용형,댓글 유도,12:10,"9,969",312,54,129,57,발행 후 72시간,제목/썸네일 보완 여지 있음,180,보통
HOMEF-0121,2025-07-19,7,홈페이지,지금 대학생에게 필요한 여름방학 루틴 정리 체크포인트,https://example.com/univ/home/2025/07/homef-0121,이도윤,자기계발,여름방학 루틴,방학,재학생,기사,정보형,링크 클릭,11:20,442,,10,,19,발행 후 7일,주제 적합도는 높지만 확산력은 보통,313,보통
IGF-0095,2025-07-19,7,인스타그램,지금 대학생에게 필요한 알바와 여행 정리 실전편,https://instagram.com/p/igf-0095,김민지,소비,알바와 여행,방학,전체,피드,실용형,저장 유도,12:45,"2,945",84,13,31,3,발행 후 7일,후킹 포인트가 약한 편,45,낮음
IGF-0096,2025-07-21,7,인스타그램,대학생을 위한 실전 대외활동 준비 노하우,https://instagram.com/p/igf-0096,정하린,취업,대외활동 준비,방학,취준생,카드뉴스,정보형,저장 유도,12:15,"7,041",457,28,371,64,발행 후 72시간,제목/썸네일 보완 여지 있음,310,보통
HOMEF-0122,2025-07-21,7,홈페이지,대학생이라면 한 번쯤 겪는 자격증 공부 현실,https://example.com/univ/home/2025/07/homef-0122,김민지,취업,자격증 공부,방학,취준생,기사,관찰형,댓글 유도,15:40,"2,027",,38,,19,발행 후 7일,계절성 주제 반응 우수,"1,428",높음
HOMEF-0123,2025-07-22,7,홈페이지,대학생 생활에서 자주 흔들리는 소비 관리 포인트,https://example.com/univ/home/2025/07/homef-0123,김민지,소비,소비 관리,방학,전체,기사,정보형,공유 유도,15:30,437,,14,,23,발행 후 7일,안정적인 반응,311,보통
IGF-0097,2025-07-22,7,인스타그램,방학에 보는 대학생 여름방학 루틴 체크리스트 실전편,https://instagram.com/p/igf-0097,이도윤,자기계발,여름방학 루틴,방학,재학생,릴스,가벼운 유머형,댓글 유도,18:15,"3,525",272,22,161,36,발행 후 48시간,,167,보통
HOMEF-0124,2025-07-24,7,홈페이지,요즘 대학생이 많이 찾는 휴식 계획 팁 요약본,https://example.com/univ/home/2025/07/homef-0124,김민지,자기계발,휴식 계획,방학,전체,기사,실용형,공유 유도,14:20,510,,8,,19,발행 후 14일,안정적인 반응,361,보통
HOMEF-0125,2025-07-27,7,홈페이지,대학생이 대외활동 준비 할 때 놓치기 쉬운 것들,https://example.com/univ/home/2025/07/homef-0125,박서윤,취업,대외활동 준비,방학,취준생,인터뷰,실용형,링크 클릭,10:20,264,,0,,2,발행 후 30일,검색 유입형 주제로 재활용 가능,185,낮음
HOMEF-0126,2025-07-28,7,홈페이지,대학생이 소비 관리 할 때 놓치기 쉬운 것들 실전편,https://example.com/univ/home/2025/07/homef-0126,이도윤,소비,소비 관리,방학,전체,기사,공감형,링크 클릭,09:20,874,,14,,12,발행 후 30일,제목/썸네일 보완 여지 있음,616,높음
IGF-0098,2025-07-28,7,인스타그램,대학생이라면 한 번쯤 겪는 대외활동 준비 현실,https://instagram.com/p/igf-0098,박서윤,취업,대외활동 준비,방학,취준생,피드,정보형,프로필 링크,12:00,"2,898",166,11,79,16,발행 후 72시간,후킹 포인트가 약한 편,94,보통
IGF-0099,2025-07-29,7,인스타그램,대학생을 위한 휴식 계획 현실 조언,https://instagram.com/p/igf-0099,박서윤,자기계발,휴식 계획,방학,전체,릴스,실용형,공유 유도,13:05,"2,144",165,8,89,19,발행 후 7일,,97,보통
HOMEF-0127,2025-07-29,7,홈페이지,요즘 대학생이 많이 찾는 대외활동 준비 팁,https://example.com/univ/home/2025/07/homef-0127,김민지,취업,대외활동 준비,방학,취준생,기사,관찰형,댓글 유도,15:30,293,,2,,2,발행 후 14일,후킹 포인트가 약한 편,206,낮음
IGF-0100,2025-07-31,7,인스타그램,대학생 관점에서 다시 본 대외활동 준비,https://instagram.com/p/igf-0100,한지우,취업,대외활동 준비,방학,취준생,카드뉴스,관찰형,저장 유도,19:00,"30,896","1,741",40,654,270,발행 후 48시간,초반 반응이 빠르게 올라감,951,높음
IGF-0101,2025-08-01,8,인스타그램,대학생이라면 한 번쯤 겪는 복학 준비 현실 한눈에 보기,https://instagram.com/p/igf-0101,정하린,대학생활,복학 준비,2학기 시작,복학생,릴스,공감형,공유 유도,13:00,"12,739",728,34,355,57,발행 후 7일,,413,보통
HOMEF-0128,2025-08-01,8,홈페이지,대학생 관점에서 다시 본 남은 방학 활용,https://example.com/univ/home/2025/08/homef-0128,최예준,자기계발,남은 방학 활용,2학기 시작,재학생,기사,실용형,아카이브 이동,15:10,554,,6,,9,발행 후 7일,,390,보통
HOMEF-0129,2025-08-02,8,홈페이지,대학생이 수강신청 할 때 놓치기 쉬운 것들,https://example.com/univ/home/2025/08/homef-0129,김민지,대학생활,수강신청,2학기 시작,재학생,카드뉴스,실용형,공유 유도,15:10,374,,2,,0,발행 후 7일,시의성은 맞지만 반응은 낮음,262,낮음
HOMEF-0130,2025-08-04,8,홈페이지,2학기 시작에 보는 대학생 수강신청 체크리스트 입문편,https://example.com/univ/home/2025/08/homef-0130,박서윤,대학생활,수강신청,2학기 시작,전체,카드뉴스,정보형,아카이브 이동,17:00,"1,194",,36,,41,발행 후 7일,,847,높음
IGF-0102,2025-08-04,8,인스타그램,2학기 시작에 보는 대학생 남은 방학 활용 체크리스트 한눈에 보기,https://instagram.com/p/igf-0102,한지우,자기계발,남은 방학 활용,2학기 시작,재학생,카드뉴스,공감형,댓글 유도,19:20,"5,830",498,41,149,110,발행 후 72시간,,270,보통
IGF-0103,2025-08-06,8,인스타그램,대학생 생활에서 자주 흔들리는 복학 준비 포인트 요약본,https://instagram.com/p/igf-0103,김민지,대학생활,복학 준비,2학기 시작,복학생,카드뉴스,가벼운 유머형,프로필 링크,19:20,"12,976",858,20,107,103,발행 후 72시간,,398,보통
HOMEF-0131,2025-08-07,8,홈페이지,대학생이 남은 방학 활용 할 때 놓치기 쉬운 것들 입문편,https://example.com/univ/home/2025/08/homef-0131,이도윤,자기계발,남은 방학 활용,2학기 시작,전체,인터뷰,공감형,공유 유도,09:30,317,,0,,7,발행 후 14일,시의성은 맞지만 반응은 낮음,223,낮음
HOMEF-0132,2025-08-08,8,홈페이지,대학생이라면 한 번쯤 겪는 남은 방학 활용 현실 실전편,https://example.com/univ/home/2025/08/homef-0132,이도윤,자기계발,남은 방학 활용,2학기 시작,재학생,기사,공감형,링크 클릭,09:30,598,,9,,6,발행 후 30일,,421,보통
HOMEF-0133,2025-08-09,8,홈페이지,대학생 관점에서 다시 본 방 정리 실전편,https://example.com/univ/home/2025/08/homef-0133,김민지,소비,방 정리,2학기 시작,재학생,기사,공감형,댓글 유도,11:00,"1,738",,38,,26,발행 후 14일,,"1,227",높음
IGF-0104,2025-08-09,8,인스타그램,대학생을 위한 복학 준비 현실 조언 요약본,https://instagram.com/p/igf-0104,김민지,대학생활,복학 준비,2학기 시작,복학생,피드,공감형,공유 유도,11:15,"5,304",409,10,192,107,발행 후 48시간,제목/썸네일 보완 여지 있음,244,보통
IGF-0105,2025-08-09,8,인스타그램,대학생이 개강 전 루틴 할 때 놓치기 쉬운 것들,https://instagram.com/p/igf-0105,김민지,자기계발,개강 전 루틴,2학기 시작,재학생,인터뷰,관찰형,프로필 링크,20:45,"4,605",54,5,21,26,발행 후 72시간,,34,낮음
HOMEF-0134,2025-08-11,8,홈페이지,요즘 대학생이 많이 찾는 시간표 점검 팁 바로 적용편,https://example.com/univ/home/2025/08/homef-0134,박서윤,자기계발,시간표 점검,2학기 시작,재학생,기사,정보형,아카이브 이동,14:00,"1,603",,29,,44,발행 후 14일,계절성 주제 반응 우수,"1,132",높음
IGF-0106,2025-08-12,8,인스타그램,대학생이라면 한 번쯤 겪는 개강 전 루틴 현실,https://instagram.com/p/igf-0106,박서윤,자기계발,개강 전 루틴,2학기 시작,재학생,릴스,실용형,공유 유도,11:05,"4,361",811,15,221,137,발행 후 48시간,,420,보통
IGF-0107,2025-08-12,8,인스타그램,지금 대학생에게 필요한 개강 전 루틴 정리 실전편,https://instagram.com/p/igf-0107,김민지,자기계발,개강 전 루틴,2학기 시작,재학생,릴스,가벼운 유머형,댓글 유도,21:20,"12,951",868,38,396,89,발행 후 72시간,,488,보통
HOMEF-0135,2025-08-14,8,홈페이지,대학생을 위한 개강 전 루틴 가이드 한눈에 보기,https://example.com/univ/home/2025/08/homef-0135,이도윤,자기계발,개강 전 루틴,2학기 시작,재학생,기사,정보형,아카이브 이동,15:20,748,,6,,4,발행 후 14일,안정적인 반응,525,보통
IGF-0108,2025-08-15,8,인스타그램,대학생 생활에서 자주 흔들리는 남은 방학 활용 포인트 바로 적용편,https://instagram.com/p/igf-0108,최예준,자기계발,남은 방학 활용,2학기 시작,재학생,인터뷰,실용형,댓글 유도,11:45,"13,980",605,17,202,114,발행 후 72시간,,327,보통
IGF-0109,2025-08-16,8,인스타그램,대학생을 위한 남은 방학 활용 현실 조언 실전편,https://instagram.com/p/igf-0109,박서윤,자기계발,남은 방학 활용,2학기 시작,재학생,인터뷰,실용형,공유 유도,11:10,"2,591",223,4,27,15,발행 후 72시간,후킹 포인트가 약한 편,101,보통
HOMEF-0136,2025-08-22,8,홈페이지,2학기 시작에 보는 대학생 개강 전 루틴 체크리스트 공감 포인트,https://example.com/univ/home/2025/08/homef-0136,이도윤,자기계발,개강 전 루틴,2학기 시작,재학생,기사,정보형,아카이브 이동,15:20,772,,8,,15,발행 후 7일,,544,높음
HOMEF-0137,2025-08-25,8,홈페이지,2학기 시작에 보는 대학생 수강신청 체크리스트,https://example.com/univ/home/2025/08/homef-0137,정하린,대학생활,수강신청,2학기 시작,전체,기사,실용형,공유 유도,09:00,718,,17,,18,발행 후 7일,,508,보통
IGF-0110,2025-08-25,8,인스타그램,대학생이라면 한 번쯤 겪는 복학 준비 현실 요약본,https://instagram.com/p/igf-0110,박서윤,대학생활,복학 준비,2학기 시작,복학생,카드뉴스,공감형,공유 유도,12:10,"8,803",502,33,349,45,발행 후 48시간,제목/썸네일 보완 여지 있음,318,보통
IGF-0111,2025-08-25,8,인스타그램,대학생을 위한 개강 전 루틴 가이드 바로 적용편,https://instagram.com/p/igf-0111,최예준,자기계발,개강 전 루틴,2학기 시작,재학생,릴스,공감형,저장 유도,12:30,"30,001","1,425",53,911,306,발행 후 7일,,910,높음
HOMEF-0138,2025-08-26,8,홈페이지,요즘 대학생이 많이 찾는 시간표 점검 팁,https://example.com/univ/home/2025/08/homef-0138,정하린,자기계발,시간표 점검,2학기 시작,재학생,기사,정보형,댓글 유도,11:20,908,,5,,10,발행 후 30일,주제 적합도는 높지만 확산력은 보통,638,높음
IGF-0112,2025-08-26,8,인스타그램,요즘 대학생이 많이 찾는 시간표 점검 팁 바로 적용편,https://instagram.com/p/igf-0112,김민지,자기계발,시간표 점검,2학기 시작,재학생,카드뉴스,관찰형,저장 유도,21:10,"13,197",645,14,306,81,발행 후 48시간,,367,보통
IGF-0113,2025-08-27,8,인스타그램,요즘 대학생이 많이 찾는 수강신청 팁 체크포인트,https://instagram.com/p/igf-0113,한지우,대학생활,수강신청,2학기 시작,전체,인터뷰,실용형,저장 유도,18:15,848,191,14,46,40,발행 후 72시간,시의성은 맞지만 반응은 낮음,100,보통
IGF-0114,2025-08-27,8,인스타그램,대학생이 개강 전 루틴 할 때 놓치기 쉬운 것들 입문편,https://instagram.com/p/igf-0114,정하린,자기계발,개강 전 루틴,2학기 시작,재학생,릴스,공감형,저장 유도,19:15,"18,812","1,967",90,703,361,발행 후 7일,,"1,079",높음
IGF-0115,2025-08-28,8,인스타그램,대학생 관점에서 다시 본 개강 전 루틴 한눈에 보기,https://instagram.com/p/igf-0115,김민지,자기계발,개강 전 루틴,2학기 시작,전체,카드뉴스,가벼운 유머형,공유 유도,20:20,"6,474",331,13,179,42,발행 후 7일,,196,보통
IGF-0116,2025-08-28,8,인스타그램,요즘 대학생이 많이 찾는 개강 전 루틴 팁 현실 버전,https://instagram.com/p/igf-0116,최예준,자기계발,개강 전 루틴,2학기 시작,재학생,릴스,실용형,댓글 유도,21:05,"12,027",294,26,176,88,발행 후 72시간,,191,보통
IGF-0117,2025-08-29,8,인스타그램,대학생을 위한 수강신청 가이드,https://instagram.com/p/igf-0117,한지우,대학생활,수강신청,2학기 시작,재학생,피드,관찰형,저장 유도,18:45,"21,280","1,525",60,477,218,발행 후 72시간,계절성 주제 반응 우수,803,높음
IGF-0118,2025-08-29,8,인스타그램,대학생을 위한 시간표 점검 현실 조언 한눈에 보기,https://instagram.com/p/igf-0118,김민지,자기계발,시간표 점검,2학기 시작,전체,피드,관찰형,저장 유도,21:00,"3,691",295,41,106,107,발행 후 48시간,안정적인 반응,175,보통
HOMEF-0139,2025-08-30,8,홈페이지,대학생을 위한 복학 준비 가이드,https://example.com/univ/home/2025/08/homef-0139,박서윤,대학생활,복학 준비,2학기 시작,복학생,기사,실용형,댓글 유도,10:10,"1,020",,44,,42,발행 후 30일,,727,높음
HOMEF-0140,2025-08-30,8,홈페이지,대학생을 위한 방 정리 현실 조언 실전편,https://example.com/univ/home/2025/08/homef-0140,정하린,소비,방 정리,2학기 시작,전체,기사,공감형,댓글 유도,17:10,352,,2,,5,발행 후 30일,,247,낮음
IGF-0119,2025-08-30,8,인스타그램,요즘 대학생이 많이 찾는 개강 전 루틴 팁,https://instagram.com/p/igf-0119,최예준,자기계발,개강 전 루틴,2학기 시작,재학생,피드,가벼운 유머형,댓글 유도,21:10,"1,336",213,10,86,9,발행 후 48시간,후킹 포인트가 약한 편,114,보통
IGF-0120,2025-08-30,8,인스타그램,대학생을 위한 복학 준비 가이드 입문편,https://instagram.com/p/igf-0120,최예준,대학생활,복학 준비,2학기 시작,복학생,인터뷰,관찰형,공유 유도,21:45,"21,714","1,451",85,844,244,발행 후 48시간,계절성 주제 반응 우수,891,높음
IGF-0121,2025-08-31,8,인스타그램,대학생을 위한 개강 전 루틴 가이드 바로 적용편,https://instagram.com/p/igf-0121,이도윤,자기계발,개강 전 루틴,2학기 시작,재학생,카드뉴스,실용형,프로필 링크,18:30,"11,641",703,43,186,139,발행 후 72시간,주제 적합도는 높지만 확산력은 보통,369,보통
HOMEF-0141,2025-09-01,9,홈페이지,대학생을 위한 개강 피로 현실 조언 입문편,https://example.com/univ/home/2025/09/homef-0141,박서윤,대학생활,개강 피로,2학기 시작,재학생,인터뷰,실용형,링크 클릭,14:40,788,,12,,18,발행 후 30일,,556,높음
IGF-0122,2025-09-01,9,인스타그램,대학생을 위한 실전 복학 적응 노하우 공감 포인트,https://instagram.com/p/igf-0122,한지우,대학생활,복학 적응,2학기 시작,복학생,릴스,실용형,댓글 유도,21:05,"4,559",167,15,16,22,발행 후 7일,짧은 영상 문법과 잘 맞는 주제,78,보통
IGF-0123,2025-09-05,9,인스타그램,지금 대학생에게 필요한 진로 고민 정리,https://instagram.com/p/igf-0123,한지우,취업,진로 고민,2학기 시작,취준생,피드,실용형,저장 유도,18:20,"15,311","1,898",35,"1,004",493,발행 후 72시간,저장/공유 유도가 잘 먹힘,"1,163",높음
HOMEF-0142,2025-09-06,9,홈페이지,대학생이 진로 고민 할 때 놓치기 쉬운 것들,https://example.com/univ/home/2025/09/homef-0142,정하린,취업,진로 고민,2학기 시작,취준생,카드뉴스,실용형,공유 유도,17:00,"2,280",,47,,61,발행 후 14일,,"1,612",높음
IGF-0124,2025-09-07,9,인스타그램,대학생이 2학기 목표 할 때 놓치기 쉬운 것들,https://instagram.com/p/igf-0124,한지우,자기계발,2학기 목표,2학기 시작,전체,릴스,가벼운 유머형,댓글 유도,18:00,"5,812",837,45,314,89,발행 후 48시간,,451,보통
IGF-0125,2025-09-07,9,인스타그램,2학기 시작에 보는 대학생 통학 루틴 체크리스트,https://instagram.com/p/igf-0125,김민지,대학생활,통학 루틴,2학기 시작,재학생,릴스,가벼운 유머형,댓글 유도,20:45,"23,681","1,962",128,977,433,발행 후 7일,저장/공유 유도가 잘 먹힘,"1,177",높음
HOMEF-0143,2025-09-09,9,홈페이지,대학생 생활에서 자주 흔들리는 복학 적응 포인트,https://example.com/univ/home/2025/09/homef-0143,한지우,대학생활,복학 적응,2학기 시작,복학생,카드뉴스,정보형,아카이브 이동,09:20,478,,17,,18,발행 후 7일,제목/썸네일 보완 여지 있음,340,보통
HOMEF-0144,2025-09-10,9,홈페이지,요즘 대학생이 많이 찾는 개강 피로 팁,https://example.com/univ/home/2025/09/homef-0144,최예준,대학생활,개강 피로,2학기 시작,재학생,기사,공감형,댓글 유도,17:40,486,,4,,16,발행 후 30일,제목/썸네일 보완 여지 있음,343,보통
HOMEF-0145,2025-09-12,9,홈페이지,대학생을 위한 복학 적응 현실 조언,https://example.com/univ/home/2025/09/homef-0145,최예준,대학생활,복학 적응,2학기 시작,복학생,기사,공감형,공유 유도,15:10,842,,10,,13,발행 후 30일,,593,높음
HOMEF-0146,2025-09-13,9,홈페이지,지금 대학생에게 필요한 복학 적응 정리 바로 적용편,https://example.com/univ/home/2025/09/homef-0146,이도윤,대학생활,복학 적응,2학기 시작,복학생,기사,정보형,공유 유도,15:00,839,,8,,9,발행 후 30일,,590,높음
IGF-0126,2025-09-14,9,인스타그램,지금 대학생에게 필요한 복학 적응 정리,https://instagram.com/p/igf-0126,김민지,대학생활,복학 적응,2학기 시작,복학생,릴스,관찰형,댓글 유도,21:15,"23,066",975,79,435,293,발행 후 48시간,초반 반응이 빠르게 올라감,587,높음
IGF-0127,2025-09-16,9,인스타그램,지금 대학생에게 필요한 개강 피로 정리,https://instagram.com/p/igf-0127,정하린,대학생활,개강 피로,2학기 시작,재학생,릴스,관찰형,공유 유도,12:15,"22,828","1,798",118,487,296,발행 후 72시간,,936,높음
HOMEF-0147,2025-09-17,9,홈페이지,대학생이라면 한 번쯤 겪는 진로 고민 현실,https://example.com/univ/home/2025/09/homef-0147,정하린,취업,진로 고민,2학기 시작,취준생,기사,정보형,댓글 유도,09:10,786,,12,,7,발행 후 7일,,553,높음
HOMEF-0148,2025-09-17,9,홈페이지,대학생이 개강 피로 할 때 놓치기 쉬운 것들 바로 적용편,https://example.com/univ/home/2025/09/homef-0148,정하린,대학생활,개강 피로,2학기 시작,전체,기사,정보형,댓글 유도,10:30,348,,4,,5,발행 후 30일,시의성은 맞지만 반응은 낮음,245,낮음
HOMEF-0149,2025-09-18,9,홈페이지,대학생을 위한 개강 피로 현실 조언 요약본,https://example.com/univ/home/2025/09/homef-0149,박서윤,대학생활,개강 피로,2학기 시작,전체,기사,정보형,링크 클릭,09:30,897,,14,,17,발행 후 30일,,632,높음
HOMEF-0150,2025-09-18,9,홈페이지,대학생을 위한 실전 진로 고민 노하우 바로 적용편,https://example.com/univ/home/2025/09/homef-0150,한지우,취업,진로 고민,2학기 시작,취준생,인터뷰,관찰형,링크 클릭,17:20,240,,4,,8,발행 후 7일,CTA 보완 필요,170,낮음
IGF-0128,2025-09-18,9,인스타그램,대학생이라면 한 번쯤 겪는 통학 루틴 현실 체크포인트,https://instagram.com/p/igf-0128,정하린,대학생활,통학 루틴,2학기 시작,전체,카드뉴스,관찰형,프로필 링크,20:10,824,202,4,20,5,발행 후 48시간,,88,보통
HOMEF-0151,2025-09-19,9,홈페이지,요즘 대학생이 많이 찾는 진로 고민 팁 요약본,https://example.com/univ/home/2025/09/homef-0151,이도윤,취업,진로 고민,2학기 시작,취준생,카드뉴스,관찰형,아카이브 이동,14:30,281,,0,,0,발행 후 7일,후킹 포인트가 약한 편,197,낮음
HOMEF-0152,2025-09-20,9,홈페이지,대학생이 개강 피로 할 때 놓치기 쉬운 것들,https://example.com/univ/home/2025/09/homef-0152,이도윤,대학생활,개강 피로,2학기 시작,전체,기사,정보형,댓글 유도,09:00,"2,380",,45,,62,발행 후 7일,,"1,681",높음
HOMEF-0153,2025-09-20,9,홈페이지,대학생이라면 한 번쯤 겪는 2학기 목표 현실 한눈에 보기,https://example.com/univ/home/2025/09/homef-0153,박서윤,자기계발,2학기 목표,2학기 시작,재학생,인터뷰,정보형,링크 클릭,09:40,"2,636",,53,,21,발행 후 14일,,"1,858",높음
HOMEF-0154,2025-09-21,9,홈페이지,대학생 관점에서 다시 본 개강 피로,https://example.com/univ/home/2025/09/homef-0154,정하린,대학생활,개강 피로,2학기 시작,재학생,기사,정보형,링크 클릭,14:00,242,,2,,6,발행 후 7일,,170,낮음
IGF-0129,2025-09-23,9,인스타그램,대학생 생활에서 자주 흔들리는 관계 리셋 포인트,https://instagram.com/p/igf-0129,최예준,관계,관계 리셋,2학기 시작,재학생,카드뉴스,공감형,공유 유도,12:05,"13,043",895,54,378,39,발행 후 7일,,485,보통
HOMEF-0155,2025-09-26,9,홈페이지,대학생을 위한 실전 관계 리셋 노하우,https://example.com/univ/home/2025/09/homef-0155,김민지,관계,관계 리셋,2학기 시작,재학생,인터뷰,관찰형,링크 클릭,09:00,"2,214",,47,,21,발행 후 14일,계절성 주제 반응 우수,"1,561",높음
HOMEF-0156,2025-09-26,9,홈페이지,대학생이 진로 고민 할 때 놓치기 쉬운 것들,https://example.com/univ/home/2025/09/homef-0156,박서윤,취업,진로 고민,2학기 시작,취준생,기사,정보형,아카이브 이동,11:10,698,,16,,3,발행 후 14일,검색 유입형 주제로 재활용 가능,492,보통
IGF-0130,2025-09-26,9,인스타그램,대학생 생활에서 자주 흔들리는 통학 루틴 포인트,https://instagram.com/p/igf-0130,박서윤,대학생활,통학 루틴,2학기 시작,재학생,릴스,가벼운 유머형,댓글 유도,19:45,"13,020",458,26,142,52,발행 후 7일,안정적인 반응,239,보통
HOMEF-0157,2025-09-27,9,홈페이지,2학기 시작에 보는 대학생 복학 적응 체크리스트 입문편,https://example.com/univ/home/2025/09/homef-0157,박서윤,대학생활,복학 적응,2학기 시작,복학생,카드뉴스,정보형,아카이브 이동,10:20,804,,11,,15,발행 후 14일,,567,높음
HOMEF-0158,2025-09-27,9,홈페이지,요즘 대학생이 많이 찾는 통학 루틴 팁 한눈에 보기,https://example.com/univ/home/2025/09/homef-0158,한지우,대학생활,통학 루틴,2학기 시작,전체,기사,정보형,아카이브 이동,11:00,873,,14,,6,발행 후 14일,,615,높음
IGF-0131,2025-09-27,9,인스타그램,대학생이 진로 고민 할 때 놓치기 쉬운 것들,https://instagram.com/p/igf-0131,김민지,취업,진로 고민,2학기 시작,취준생,카드뉴스,관찰형,프로필 링크,13:20,"10,526",879,11,160,76,발행 후 48시간,주제 적합도는 높지만 확산력은 보통,416,보통
IGF-0132,2025-09-28,9,인스타그램,2학기 시작에 보는 대학생 관계 리셋 체크리스트 한눈에 보기,https://instagram.com/p/igf-0132,이도윤,관계,관계 리셋,2학기 시작,전체,카드뉴스,관찰형,프로필 링크,13:45,"3,515",700,11,107,109,발행 후 72시간,,335,보통
IGF-0133,2025-09-28,9,인스타그램,대학생을 위한 복학 적응 현실 조언,https://instagram.com/p/igf-0133,최예준,대학생활,복학 적응,2학기 시작,복학생,릴스,실용형,댓글 유도,13:45,"25,012","1,980",120,753,289,발행 후 48시간,짧은 영상 문법과 잘 맞는 주제,"1,088",높음
IGF-0134,2025-09-29,9,인스타그램,지금 대학생에게 필요한 2학기 목표 정리,https://instagram.com/p/igf-0134,김민지,자기계발,2학기 목표,2학기 시작,전체,릴스,실용형,공유 유도,12:05,"20,605","1,025",75,817,242,발행 후 72시간,,711,높음
IGF-0135,2025-09-30,9,인스타그램,대학생을 위한 복학 적응 현실 조언 요약본,https://instagram.com/p/igf-0135,정하린,대학생활,복학 적응,2학기 시작,복학생,피드,관찰형,댓글 유도,21:00,"2,710",90,12,71,5,발행 후 7일,,60,낮음
IGF-0136,2025-10-03,10,인스타그램,대학생을 위한 포트폴리오 현실 조언 체크포인트,https://instagram.com/p/igf-0136,한지우,취업,포트폴리오,취업 시즌,취준생,카드뉴스,정보형,공유 유도,19:45,"18,458","1,976",104,513,386,발행 후 72시간,,"1,032",높음
IGF-0137,2025-10-04,10,인스타그램,대학생을 위한 실전 중간고사 병행 노하우,https://instagram.com/p/igf-0137,이도윤,대학생활,중간고사 병행,취업 시즌,취준생,카드뉴스,가벼운 유머형,댓글 유도,12:20,"8,059",541,19,293,108,발행 후 72시간,안정적인 반응,328,보통
HOMEF-0159,2025-10-04,10,홈페이지,대학생 관점에서 다시 본 중간고사 병행,https://example.com/univ/home/2025/10/homef-0159,이도윤,대학생활,중간고사 병행,취업 시즌,취준생,기사,실용형,공유 유도,14:10,"2,574",,20,,59,발행 후 14일,,"1,812",높음
IGF-0138,2025-10-04,10,인스타그램,지금 대학생에게 필요한 인턴 준비 정리,https://instagram.com/p/igf-0138,박서윤,취업,인턴 준비,취업 시즌,취준생,카드뉴스,정보형,저장 유도,19:15,"8,093",401,45,280,53,발행 후 48시간,안정적인 반응,260,보통
IGF-0139,2025-10-04,10,인스타그램,지금 대학생에게 필요한 자소서 시작 정리 공감 포인트,https://instagram.com/p/igf-0139,정하린,취업,자소서 시작,취업 시즌,취준생,피드,정보형,프로필 링크,21:10,"30,297",958,126,"1,016",289,발행 후 72시간,계절성 주제 반응 우수,758,높음
IGF-0140,2025-10-05,10,인스타그램,요즘 대학생이 많이 찾는 시간관리 팁,https://instagram.com/p/igf-0140,정하린,자기계발,시간관리,취업 시즌,취준생,릴스,관찰형,공유 유도,13:00,"8,348",722,34,124,53,발행 후 72시간,제목/썸네일 보완 여지 있음,340,보통
HOMEF-0160,2025-10-05,10,홈페이지,요즘 대학생이 많이 찾는 중간고사 병행 팁 실전편,https://example.com/univ/home/2025/10/homef-0160,정하린,대학생활,중간고사 병행,취업 시즌,취준생,인터뷰,공감형,링크 클릭,17:00,520,,4,,15,발행 후 30일,,366,보통
HOMEF-0161,2025-10-06,10,홈페이지,요즘 대학생이 많이 찾는 시간관리 팁 입문편,https://example.com/univ/home/2025/10/homef-0161,한지우,자기계발,시간관리,취업 시즌,취준생,기사,정보형,공유 유도,09:10,"2,258",,19,,23,발행 후 7일,계절성 주제 반응 우수,"1,587",높음
HOMEF-0162,2025-10-06,10,홈페이지,대학생이 비교 스트레스 할 때 놓치기 쉬운 것들 바로 적용편,https://example.com/univ/home/2025/10/homef-0162,김민지,관계,비교 스트레스,취업 시즌,취준생,카드뉴스,가벼운 유머형,댓글 유도,15:50,373,,1,,1,발행 후 14일,시의성은 맞지만 반응은 낮음,261,낮음
IGF-0141,2025-10-06,10,인스타그램,대학생 관점에서 다시 본 중간고사 병행 입문편,https://instagram.com/p/igf-0141,김민지,대학생활,중간고사 병행,취업 시즌,취준생,카드뉴스,공감형,저장 유도,19:30,"4,380",759,39,385,140,발행 후 72시간,,451,보통
HOMEF-0163,2025-10-10,10,홈페이지,요즘 대학생이 많이 찾는 포트폴리오 팁 바로 적용편,https://example.com/univ/home/2025/10/homef-0163,한지우,취업,포트폴리오,취업 시즌,취준생,기사,실용형,공유 유도,15:30,773,,17,,20,발행 후 14일,시즌 키워드와 맞물린 주제,547,높음
HOMEF-0164,2025-10-13,10,홈페이지,대학생을 위한 포트폴리오 현실 조언 한눈에 보기,https://example.com/univ/home/2025/10/homef-0164,박서윤,취업,포트폴리오,취업 시즌,취준생,기사,정보형,댓글 유도,15:30,349,,5,,9,발행 후 7일,,246,낮음
HOMEF-0165,2025-10-13,10,홈페이지,대학생을 위한 포트폴리오 가이드 공감 포인트,https://example.com/univ/home/2025/10/homef-0165,정하린,취업,포트폴리오,취업 시즌,취준생,인터뷰,실용형,링크 클릭,15:50,535,,16,,13,발행 후 30일,,379,보통
IGF-0142,2025-10-14,10,인스타그램,대학생을 위한 비교 스트레스 현실 조언,https://instagram.com/p/igf-0142,최예준,관계,비교 스트레스,취업 시즌,취준생,릴스,관찰형,저장 유도,13:20,"3,182",66,17,15,24,발행 후 7일,,37,낮음
HOMEF-0166,2025-10-14,10,홈페이지,대학생 관점에서 다시 본 인턴 준비,https://example.com/univ/home/2025/10/homef-0166,김민지,취업,인턴 준비,취업 시즌,취준생,기사,정보형,댓글 유도,14:20,610,,2,,3,발행 후 14일,안정적인 반응,428,보통
HOMEF-0167,2025-10-14,10,홈페이지,대학생이 중간고사 병행 할 때 놓치기 쉬운 것들,https://example.com/univ/home/2025/10/homef-0167,박서윤,대학생활,중간고사 병행,취업 시즌,취준생,인터뷰,정보형,링크 클릭,14:50,"1,511",,53,,13,발행 후 30일,,"1,070",높음
HOMEF-0168,2025-10-14,10,홈페이지,대학생을 위한 시간관리 현실 조언 공감 포인트,https://example.com/univ/home/2025/10/homef-0168,정하린,자기계발,시간관리,취업 시즌,취준생,인터뷰,실용형,공유 유도,15:00,336,,1,,9,발행 후 14일,시의성은 맞지만 반응은 낮음,236,낮음
HOMEF-0169,2025-10-17,10,홈페이지,대학생을 위한 중간고사 병행 현실 조언,https://example.com/univ/home/2025/10/homef-0169,이도윤,대학생활,중간고사 병행,취업 시즌,취준생,기사,실용형,링크 클릭,09:00,522,,11,,8,발행 후 14일,,368,보통
HOMEF-0170,2025-10-18,10,홈페이지,대학생이 비교 스트레스 할 때 놓치기 쉬운 것들 요약본,https://example.com/univ/home/2025/10/homef-0170,김민지,관계,비교 스트레스,취업 시즌,취준생,기사,공감형,댓글 유도,10:20,347,,3,,2,발행 후 14일,,244,낮음
IGF-0143,2025-10-18,10,인스타그램,대학생이 자소서 시작 할 때 놓치기 쉬운 것들,https://instagram.com/p/igf-0143,박서윤,취업,자소서 시작,취업 시즌,취준생,피드,정보형,공유 유도,21:30,"8,597",370,26,242,40,발행 후 72시간,안정적인 반응,231,보통
HOMEF-0171,2025-10-19,10,홈페이지,취업 시즌에 보는 대학생 자소서 시작 체크리스트,https://example.com/univ/home/2025/10/homef-0171,박서윤,취업,자소서 시작,취업 시즌,취준생,카드뉴스,실용형,링크 클릭,10:40,"1,916",,15,,47,발행 후 14일,초반 반응이 빠르게 올라감,"1,349",높음
HOMEF-0172,2025-10-20,10,홈페이지,대학생을 위한 실전 시간관리 노하우,https://example.com/univ/home/2025/10/homef-0172,박서윤,자기계발,시간관리,취업 시즌,취준생,카드뉴스,공감형,공유 유도,11:40,367,,6,,5,발행 후 7일,,259,낮음
HOMEF-0173,2025-10-21,10,홈페이지,대학생 관점에서 다시 본 비교 스트레스,https://example.com/univ/home/2025/10/homef-0173,박서윤,관계,비교 스트레스,취업 시즌,취준생,기사,공감형,공유 유도,14:30,626,,4,,5,발행 후 14일,,440,보통
HOMEF-0174,2025-10-21,10,홈페이지,지금 대학생에게 필요한 포트폴리오 정리,https://example.com/univ/home/2025/10/homef-0174,정하린,취업,포트폴리오,취업 시즌,취준생,기사,정보형,아카이브 이동,14:40,"1,114",,29,,13,발행 후 14일,시즌 키워드와 맞물린 주제,787,높음
HOMEF-0175,2025-10-22,10,홈페이지,취업 시즌에 보는 대학생 자소서 시작 체크리스트,https://example.com/univ/home/2025/10/homef-0175,최예준,취업,자소서 시작,취업 시즌,취준생,카드뉴스,관찰형,링크 클릭,15:50,122,,2,,7,발행 후 30일,,87,낮음
IGF-0144,2025-10-24,10,인스타그램,대학생 관점에서 다시 본 중간고사 병행 체크포인트,https://instagram.com/p/igf-0144,박서윤,대학생활,중간고사 병행,취업 시즌,취준생,카드뉴스,관찰형,저장 유도,20:05,"22,049","1,692",138,421,458,발행 후 7일,초반 반응이 빠르게 올라감,909,높음
IGF-0145,2025-10-25,10,인스타그램,취업 시즌에 보는 대학생 인턴 준비 체크리스트,https://instagram.com/p/igf-0145,정하린,취업,인턴 준비,취업 시즌,취준생,피드,실용형,공유 유도,21:15,"4,050",824,42,116,123,발행 후 72시간,,393,보통
IGF-0146,2025-10-25,10,인스타그램,지금 대학생에게 필요한 중간고사 병행 정리,https://instagram.com/p/igf-0146,김민지,대학생활,중간고사 병행,취업 시즌,취준생,피드,가벼운 유머형,프로필 링크,21:45,"4,272",584,53,185,60,발행 후 72시간,,306,보통
HOMEF-0176,2025-10-27,10,홈페이지,지금 대학생에게 필요한 자소서 시작 정리 입문편,https://example.com/univ/home/2025/10/homef-0176,박서윤,취업,자소서 시작,취업 시즌,취준생,기사,관찰형,링크 클릭,17:50,377,,3,,0,발행 후 14일,시즌 키워드와 맞물린 주제,265,낮음
HOMEF-0177,2025-10-28,10,홈페이지,취업 시즌에 보는 대학생 자소서 시작 체크리스트,https://example.com/univ/home/2025/10/homef-0177,정하린,취업,자소서 시작,취업 시즌,취준생,기사,실용형,아카이브 이동,15:10,233,,3,,5,발행 후 14일,후킹 포인트가 약한 편,164,낮음
HOMEF-0178,2025-10-29,10,홈페이지,대학생 생활에서 자주 흔들리는 비교 스트레스 포인트 공감 포인트,https://example.com/univ/home/2025/10/homef-0178,정하린,관계,비교 스트레스,취업 시즌,취준생,기사,공감형,댓글 유도,14:40,262,,4,,6,발행 후 30일,,185,낮음
HOMEF-0179,2025-10-29,10,홈페이지,대학생 관점에서 다시 본 비교 스트레스 현실 버전,https://example.com/univ/home/2025/10/homef-0179,김민지,관계,비교 스트레스,취업 시즌,취준생,기사,가벼운 유머형,공유 유도,15:30,"1,446",,41,,36,발행 후 14일,시즌 키워드와 맞물린 주제,"1,024",높음
IGF-0147,2025-10-30,10,인스타그램,대학생을 위한 시간관리 현실 조언 실전편,https://instagram.com/p/igf-0147,최예준,자기계발,시간관리,취업 시즌,취준생,피드,공감형,공유 유도,21:30,"4,416",230,7,67,7,발행 후 48시간,,114,보통
IGF-0148,2025-10-31,10,인스타그램,취업 시즌에 보는 대학생 중간고사 병행 체크리스트,https://instagram.com/p/igf-0148,이도윤,대학생활,중간고사 병행,취업 시즌,취준생,카드뉴스,가벼운 유머형,저장 유도,12:05,"11,957",794,14,336,95,발행 후 48시간,,439,보통
HOMEF-0180,2025-11-01,11,홈페이지,대학생을 위한 체력 관리 현실 조언,https://example.com/univ/home/2025/11/homef-0180,박서윤,대학생활,체력 관리,취업 시즌,취준생,기사,실용형,댓글 유도,10:50,572,,4,,21,발행 후 14일,시즌 키워드와 맞물린 주제,403,보통
HOMEF-0181,2025-11-02,11,홈페이지,대학생을 위한 실전 체력 관리 노하우 바로 적용편,https://example.com/univ/home/2025/11/homef-0181,정하린,대학생활,체력 관리,취업 시즌,취준생,기사,정보형,아카이브 이동,15:00,389,,3,,1,발행 후 14일,,273,보통
IGF-0149,2025-11-03,11,인스타그램,대학생이 번아웃 관리 할 때 놓치기 쉬운 것들,https://instagram.com/p/igf-0149,이도윤,자기계발,번아웃 관리,취업 시즌,취준생,릴스,공감형,댓글 유도,11:05,"3,073",106,12,6,37,발행 후 48시간,시즌 키워드와 맞물린 주제,53,낮음
HOMEF-0182,2025-11-03,11,홈페이지,대학생을 위한 실전 발표 마무리 노하우,https://example.com/univ/home/2025/11/homef-0182,한지우,대학생활,발표 마무리,취업 시즌,취준생,기사,공감형,댓글 유도,11:30,768,,9,,12,발행 후 7일,제목/썸네일 보완 여지 있음,541,높음
IGF-0150,2025-11-03,11,인스타그램,요즘 대학생이 많이 찾는 연말 예산 팁 바로 적용편,https://instagram.com/p/igf-0150,박서윤,소비,연말 예산,취업 시즌,취준생,피드,공감형,프로필 링크,12:20,"8,490",463,44,101,44,발행 후 72시간,주제 적합도는 높지만 확산력은 보통,229,보통
IGF-0151,2025-11-07,11,인스타그램,대학생이라면 한 번쯤 겪는 채용 시즌 현실 한눈에 보기,https://instagram.com/p/igf-0151,박서윤,취업,채용 시즌,취업 시즌,취준생,카드뉴스,실용형,저장 유도,11:10,"11,480",610,14,142,127,발행 후 72시간,,313,보통
HOMEF-0183,2025-11-07,11,홈페이지,대학생을 위한 실전 채용 시즌 노하우,https://example.com/univ/home/2025/11/homef-0183,정하린,취업,채용 시즌,취업 시즌,취준생,기사,정보형,아카이브 이동,17:10,567,,12,,24,발행 후 14일,,402,보통
HOMEF-0184,2025-11-08,11,홈페이지,대학생 생활에서 자주 흔들리는 연말 예산 포인트 현실 버전,https://example.com/univ/home/2025/11/homef-0184,최예준,소비,연말 예산,취업 시즌,취준생,인터뷰,실용형,공유 유도,14:00,"2,573",,18,,35,발행 후 7일,저장/공유 유도가 잘 먹힘,"1,808",높음
IGF-0152,2025-11-08,11,인스타그램,대학생을 위한 발표 마무리 가이드,https://instagram.com/p/igf-0152,김민지,대학생활,발표 마무리,취업 시즌,취준생,카드뉴스,실용형,공유 유도,19:00,"5,662",833,21,281,99,발행 후 72시간,제목/썸네일 보완 여지 있음,439,보통
IGF-0153,2025-11-10,11,인스타그램,대학생을 위한 체력 관리 현실 조언 바로 적용편,https://instagram.com/p/igf-0153,최예준,대학생활,체력 관리,취업 시즌,취준생,피드,관찰형,공유 유도,20:10,"24,652","1,657",37,938,289,발행 후 48시간,,"1,006",높음
HOMEF-0185,2025-11-11,11,홈페이지,대학생 생활에서 자주 흔들리는 채용 시즌 포인트,https://example.com/univ/home/2025/11/homef-0185,한지우,취업,채용 시즌,취업 시즌,취준생,기사,정보형,아카이브 이동,09:10,"2,080",,25,,24,발행 후 14일,검색 유입형 주제로 재활용 가능,"1,463",높음
HOMEF-0186,2025-11-11,11,홈페이지,지금 대학생에게 필요한 회고 노트 정리 공감 포인트,https://example.com/univ/home/2025/11/homef-0186,김민지,자기계발,회고 노트,취업 시즌,취준생,인터뷰,실용형,링크 클릭,14:10,485,,2,,6,발행 후 14일,,341,보통
IGF-0154,2025-11-12,11,인스타그램,요즘 대학생이 많이 찾는 회고 노트 팁,https://instagram.com/p/igf-0154,이도윤,자기계발,회고 노트,취업 시즌,취준생,카드뉴스,관찰형,공유 유도,11:05,"5,279",129,9,82,15,발행 후 48시간,,80,보통
HOMEF-0187,2025-11-12,11,홈페이지,대학생이라면 한 번쯤 겪는 체력 관리 현실 입문편,https://example.com/univ/home/2025/11/homef-0187,김민지,대학생활,체력 관리,취업 시즌,취준생,인터뷰,공감형,공유 유도,15:20,"2,377",,20,,17,발행 후 7일,저장/공유 유도가 잘 먹힘,"1,670",높음
HOMEF-0188,2025-11-14,11,홈페이지,대학생 관점에서 다시 본 체력 관리,https://example.com/univ/home/2025/11/homef-0188,김민지,대학생활,체력 관리,취업 시즌,취준생,기사,정보형,댓글 유도,09:50,149,,5,,7,발행 후 7일,후킹 포인트가 약한 편,106,낮음
IGF-0155,2025-11-15,11,인스타그램,대학생 생활에서 자주 흔들리는 채용 시즌 포인트 요약본,https://instagram.com/p/igf-0155,정하린,취업,채용 시즌,취업 시즌,취준생,피드,관찰형,저장 유도,13:00,"27,545","1,131",37,670,454,발행 후 48시간,시즌 키워드와 맞물린 주제,748,높음
IGF-0156,2025-11-16,11,인스타그램,대학생을 위한 실전 체력 관리 노하우 현실 버전,https://instagram.com/p/igf-0156,이도윤,대학생활,체력 관리,취업 시즌,취준생,카드뉴스,공감형,프로필 링크,11:20,"5,428",836,46,194,41,발행 후 72시간,,405,보통
HOMEF-0189,2025-11-17,11,홈페이지,대학생을 위한 연말 예산 가이드,https://example.com/univ/home/2025/11/homef-0189,한지우,소비,연말 예산,취업 시즌,취준생,인터뷰,실용형,공유 유도,10:20,"1,829",,42,,20,발행 후 14일,계절성 주제 반응 우수,"1,291",높음
IGF-0157,2025-11-17,11,인스타그램,대학생이 발표 마무리 할 때 놓치기 쉬운 것들,https://instagram.com/p/igf-0157,한지우,대학생활,발표 마무리,취업 시즌,취준생,인터뷰,공감형,댓글 유도,19:45,"2,048",199,15,41,35,발행 후 7일,,100,보통
IGF-0158,2025-11-17,11,인스타그램,대학생을 위한 연말 예산 현실 조언,https://instagram.com/p/igf-0158,이도윤,소비,연말 예산,취업 시즌,취준생,피드,관찰형,공유 유도,21:15,"10,855",329,17,169,102,발행 후 48시간,안정적인 반응,204,보통
HOMEF-0190,2025-11-19,11,홈페이지,요즘 대학생이 많이 찾는 번아웃 관리 팁 공감 포인트,https://example.com/univ/home/2025/11/homef-0190,이도윤,자기계발,번아웃 관리,취업 시즌,취준생,기사,공감형,아카이브 이동,17:30,233,,3,,6,발행 후 7일,,164,낮음
HOMEF-0191,2025-11-20,11,홈페이지,요즘 대학생이 많이 찾는 체력 관리 팁 체크포인트,https://example.com/univ/home/2025/11/homef-0191,김민지,대학생활,체력 관리,취업 시즌,취준생,기사,실용형,공유 유도,09:20,"2,085",,11,,11,발행 후 7일,,"1,463",높음
HOMEF-0192,2025-11-20,11,홈페이지,대학생을 위한 발표 마무리 현실 조언 입문편,https://example.com/univ/home/2025/11/homef-0192,박서윤,대학생활,발표 마무리,취업 시즌,취준생,기사,실용형,아카이브 이동,15:40,662,,18,,13,발행 후 14일,주제 적합도는 높지만 확산력은 보통,468,보통
IGF-0159,2025-11-20,11,인스타그램,대학생이라면 한 번쯤 겪는 체력 관리 현실,https://instagram.com/p/igf-0159,정하린,대학생활,체력 관리,취업 시즌,취준생,피드,가벼운 유머형,프로필 링크,20:05,"13,923",379,46,242,73,발행 후 7일,제목/썸네일 보완 여지 있음,243,보통
HOMEF-0193,2025-11-21,11,홈페이지,대학생을 위한 발표 마무리 가이드 공감 포인트,https://example.com/univ/home/2025/11/homef-0193,한지우,대학생활,발표 마무리,취업 시즌,취준생,기사,정보형,공유 유도,17:50,335,,2,,5,발행 후 30일,CTA 보완 필요,235,낮음
HOMEF-0194,2025-11-23,11,홈페이지,대학생이라면 한 번쯤 겪는 회고 노트 현실 공감 포인트,https://example.com/univ/home/2025/11/homef-0194,박서윤,자기계발,회고 노트,취업 시즌,취준생,기사,정보형,링크 클릭,09:10,818,,6,,17,발행 후 7일,시즌 키워드와 맞물린 주제,576,높음
HOMEF-0195,2025-11-23,11,홈페이지,요즘 대학생이 많이 찾는 연말 예산 팁,https://example.com/univ/home/2025/11/homef-0195,최예준,소비,연말 예산,취업 시즌,취준생,기사,정보형,공유 유도,14:50,479,,12,,5,발행 후 7일,,338,보통
HOMEF-0196,2025-11-26,11,홈페이지,지금 대학생에게 필요한 회고 노트 정리 체크포인트,https://example.com/univ/home/2025/11/homef-0196,이도윤,자기계발,회고 노트,취업 시즌,취준생,기사,공감형,링크 클릭,15:20,386,,5,,5,발행 후 7일,,272,보통
IGF-0160,2025-11-26,11,인스타그램,대학생이라면 한 번쯤 겪는 연말 예산 현실 바로 적용편,https://instagram.com/p/igf-0160,한지우,소비,연말 예산,취업 시즌,취준생,릴스,공감형,댓글 유도,21:05,"22,218","1,035",131,996,486,발행 후 48시간,,823,높음
HOMEF-0197,2025-11-28,11,홈페이지,대학생을 위한 체력 관리 가이드 한눈에 보기,https://example.com/univ/home/2025/11/homef-0197,김민지,대학생활,체력 관리,취업 시즌,취준생,기사,실용형,공유 유도,17:50,277,,4,,1,발행 후 7일,후킹 포인트가 약한 편,195,낮음
IGF-0161,2025-11-30,11,인스타그램,취업 시즌에 보는 대학생 체력 관리 체크리스트 한눈에 보기,https://instagram.com/p/igf-0161,정하린,대학생활,체력 관리,취업 시즌,취준생,릴스,실용형,공유 유도,12:00,"2,501",96,3,44,26,발행 후 7일,시즌 키워드와 맞물린 주제,57,낮음
IGF-0162,2025-11-30,11,인스타그램,대학생 생활에서 자주 흔들리는 채용 시즌 포인트,https://instagram.com/p/igf-0162,한지우,취업,채용 시즌,취업 시즌,취준생,피드,관찰형,저장 유도,20:30,"13,620",691,52,301,122,발행 후 72시간,,396,보통
IGF-0163,2025-12-02,12,인스타그램,종강에 보는 대학생 연말 회고 체크리스트 실전편,https://instagram.com/p/igf-0163,이도윤,자기계발,연말 회고,종강,전체,릴스,공감형,공유 유도,12:00,"3,688",197,1,73,11,발행 후 7일,CTA 보완 필요,103,보통
IGF-0164,2025-12-02,12,인스타그램,대학생이 관계 정리 할 때 놓치기 쉬운 것들 한눈에 보기,https://instagram.com/p/igf-0164,박서윤,관계,관계 정리,종강,재학생,릴스,공감형,저장 유도,12:30,"2,282",171,11,45,40,발행 후 7일,짧은 영상 문법과 잘 맞는 주제,91,보통
IGF-0165,2025-12-02,12,인스타그램,대학생을 위한 방학 시작 가이드,https://instagram.com/p/igf-0165,정하린,대학생활,방학 시작,종강,전체,릴스,관찰형,공유 유도,13:00,"11,766",622,22,276,87,발행 후 7일,주제 적합도는 높지만 확산력은 보통,351,보통
HOMEF-0198,2025-12-04,12,홈페이지,대학생을 위한 실전 선물·모임 비용 노하우,https://example.com/univ/home/2025/12/homef-0198,최예준,소비,선물·모임 비용,종강,자취생,카드뉴스,실용형,공유 유도,15:50,803,,2,,21,발행 후 14일,,565,높음
HOMEF-0199,2025-12-05,12,홈페이지,종강에 보는 대학생 관계 정리 체크리스트 공감 포인트,https://example.com/univ/home/2025/12/homef-0199,정하린,관계,관계 정리,종강,전체,기사,가벼운 유머형,아카이브 이동,17:10,615,,13,,23,발행 후 30일,주제 적합도는 높지만 확산력은 보통,435,보통
IGF-0166,2025-12-05,12,인스타그램,대학생이 연말 회고 할 때 놓치기 쉬운 것들,https://instagram.com/p/igf-0166,정하린,자기계발,연말 회고,종강,재학생,카드뉴스,가벼운 유머형,공유 유도,21:30,"8,400",284,26,396,47,발행 후 72시간,,244,보통
IGF-0167,2025-12-06,12,인스타그램,대학생을 위한 실전 선물·모임 비용 노하우,https://instagram.com/p/igf-0167,한지우,소비,선물·모임 비용,종강,자취생,릴스,가벼운 유머형,공유 유도,21:10,"2,548",170,13,34,7,발행 후 7일,후킹 포인트가 약한 편,81,보통
HOMEF-0200,2025-12-07,12,홈페이지,대학생이라면 한 번쯤 겪는 방학 시작 현실,https://example.com/univ/home/2025/12/homef-0200,이도윤,대학생활,방학 시작,종강,전체,카드뉴스,실용형,공유 유도,09:10,455,,10,,11,발행 후 30일,제목/썸네일 보완 여지 있음,322,보통
HOMEF-0201,2025-12-07,12,홈페이지,대학생이라면 한 번쯤 겪는 관계 정리 현실,https://example.com/univ/home/2025/12/homef-0201,최예준,관계,관계 정리,종강,전체,기사,관찰형,링크 클릭,11:20,"2,687",,25,,49,발행 후 7일,,"1,891",높음
IGF-0168,2025-12-07,12,인스타그램,대학생 생활에서 자주 흔들리는 관계 정리 포인트 현실 버전,https://instagram.com/p/igf-0168,박서윤,관계,관계 정리,종강,전체,릴스,가벼운 유머형,댓글 유도,13:05,"1,432",106,6,38,25,발행 후 72시간,후킹 포인트가 약한 편,59,낮음
IGF-0169,2025-12-08,12,인스타그램,대학생 관점에서 다시 본 종강 후 공허함 현실 버전,https://instagram.com/p/igf-0169,최예준,대학생활,종강 후 공허함,종강,전체,인터뷰,관찰형,저장 유도,21:30,"13,612",888,48,235,100,발행 후 72시간,제목/썸네일 보완 여지 있음,451,보통
HOMEF-0202,2025-12-09,12,홈페이지,대학생을 위한 방학 시작 가이드 요약본,https://example.com/univ/home/2025/12/homef-0202,김민지,대학생활,방학 시작,종강,재학생,인터뷰,실용형,링크 클릭,17:30,749,,9,,15,발행 후 7일,안정적인 반응,528,보통
IGF-0170,2025-12-10,12,인스타그램,지금 대학생에게 필요한 종강 후 공허함 정리 바로 적용편,https://instagram.com/p/igf-0170,한지우,대학생활,종강 후 공허함,종강,재학생,릴스,실용형,댓글 유도,13:30,"13,902",894,23,224,58,발행 후 48시간,,439,보통
IGF-0171,2025-12-11,12,인스타그램,대학생을 위한 실전 새해 준비 노하우,https://instagram.com/p/igf-0171,정하린,자기계발,새해 준비,종강,재학생,인터뷰,관찰형,저장 유도,20:05,"2,271",61,1,26,33,발행 후 48시간,후킹 포인트가 약한 편,39,낮음
IGF-0172,2025-12-12,12,인스타그램,종강에 보는 대학생 연말 회고 체크리스트,https://instagram.com/p/igf-0172,박서윤,자기계발,연말 회고,종강,재학생,릴스,공감형,공유 유도,11:05,"15,809","1,091",88,575,250,발행 후 7일,,668,높음
HOMEF-0203,2025-12-12,12,홈페이지,대학생을 위한 연말 회고 현실 조언,https://example.com/univ/home/2025/12/homef-0203,정하린,자기계발,연말 회고,종강,전체,기사,실용형,댓글 유도,17:10,"2,561",,55,,39,발행 후 30일,계절성 주제 반응 우수,"1,808",높음
HOMEF-0204,2025-12-13,12,홈페이지,대학생이라면 한 번쯤 겪는 연말 회고 현실,https://example.com/univ/home/2025/12/homef-0204,한지우,자기계발,연말 회고,종강,재학생,카드뉴스,실용형,댓글 유도,11:00,230,,0,,7,발행 후 7일,후킹 포인트가 약한 편,162,낮음
HOMEF-0205,2025-12-13,12,홈페이지,대학생 생활에서 자주 흔들리는 선물·모임 비용 포인트,https://example.com/univ/home/2025/12/homef-0205,김민지,소비,선물·모임 비용,종강,자취생,인터뷰,공감형,공유 유도,15:10,"2,513",,36,,47,발행 후 14일,계절성 주제 반응 우수,"1,771",높음
IGF-0173,2025-12-14,12,인스타그램,대학생이 방학 시작 할 때 놓치기 쉬운 것들 요약본,https://instagram.com/p/igf-0173,이도윤,대학생활,방학 시작,종강,전체,카드뉴스,가벼운 유머형,저장 유도,18:00,"2,483",90,15,49,29,발행 후 72시간,,58,낮음
HOMEF-0206,2025-12-16,12,홈페이지,대학생을 위한 종강 후 공허함 현실 조언,https://example.com/univ/home/2025/12/homef-0206,박서윤,대학생활,종강 후 공허함,종강,재학생,기사,정보형,아카이브 이동,09:50,"1,225",,52,,20,발행 후 30일,계절성 주제 반응 우수,870,높음
IGF-0174,2025-12-16,12,인스타그램,지금 대학생에게 필요한 관계 정리 정리,https://instagram.com/p/igf-0174,김민지,관계,관계 정리,종강,재학생,피드,가벼운 유머형,공유 유도,11:00,"7,030",776,45,327,111,발행 후 72시간,주제 적합도는 높지만 확산력은 보통,435,보통
IGF-0175,2025-12-17,12,인스타그램,요즘 대학생이 많이 찾는 새해 준비 팁,https://instagram.com/p/igf-0175,이도윤,자기계발,새해 준비,종강,전체,피드,공감형,댓글 유도,20:20,"6,584",283,36,206,73,발행 후 48시간,제목/썸네일 보완 여지 있음,193,보통
IGF-0176,2025-12-19,12,인스타그램,대학생이라면 한 번쯤 겪는 종강 후 공허함 현실 체크포인트,https://instagram.com/p/igf-0176,한지우,대학생활,종강 후 공허함,종강,전체,인터뷰,관찰형,공유 유도,13:15,"27,462","1,292",48,617,232,발행 후 72시간,초반 반응이 빠르게 올라감,753,높음
IGF-0177,2025-12-20,12,인스타그램,요즘 대학생이 많이 찾는 관계 정리 팁 공감 포인트,https://instagram.com/p/igf-0177,이도윤,관계,관계 정리,종강,재학생,피드,공감형,프로필 링크,11:00,"13,864",401,12,143,99,발행 후 48시간,안정적인 반응,224,보통
HOMEF-0207,2025-12-20,12,홈페이지,요즘 대학생이 많이 찾는 선물·모임 비용 팁 바로 적용편,https://example.com/univ/home/2025/12/homef-0207,한지우,소비,선물·모임 비용,종강,자취생,기사,정보형,아카이브 이동,17:30,283,,5,,6,발행 후 14일,시의성은 맞지만 반응은 낮음,200,낮음
HOMEF-0208,2025-12-21,12,홈페이지,종강에 보는 대학생 종강 후 공허함 체크리스트,https://example.com/univ/home/2025/12/homef-0208,한지우,대학생활,종강 후 공허함,종강,재학생,기사,정보형,아카이브 이동,14:00,820,,2,,12,발행 후 30일,주제 적합도는 높지만 확산력은 보통,576,높음
HOMEF-0209,2025-12-21,12,홈페이지,대학생 생활에서 자주 흔들리는 방학 시작 포인트,https://example.com/univ/home/2025/12/homef-0209,한지우,대학생활,방학 시작,종강,재학생,기사,실용형,공유 유도,15:30,676,,3,,15,발행 후 14일,제목/썸네일 보완 여지 있음,475,보통
IGF-0178,2025-12-22,12,인스타그램,대학생 생활에서 자주 흔들리는 연말 회고 포인트 입문편,https://instagram.com/p/igf-0178,정하린,자기계발,연말 회고,종강,전체,카드뉴스,실용형,프로필 링크,13:15,"4,897",462,54,256,150,발행 후 48시간,,297,보통
IGF-0179,2025-12-22,12,인스타그램,대학생 관점에서 다시 본 연말 회고 공감 포인트,https://instagram.com/p/igf-0179,김민지,자기계발,연말 회고,종강,전체,인터뷰,공감형,프로필 링크,13:45,"10,079",545,32,216,33,발행 후 7일,제목/썸네일 보완 여지 있음,293,보통
HOMEF-0210,2025-12-23,12,홈페이지,지금 대학생에게 필요한 방학 시작 정리 바로 적용편,https://example.com/univ/home/2025/12/homef-0210,박서윤,대학생활,방학 시작,종강,재학생,인터뷰,공감형,링크 클릭,11:20,739,,16,,13,발행 후 14일,,522,보통
IGF-0180,2025-12-23,12,인스타그램,대학생을 위한 실전 방학 시작 노하우,https://instagram.com/p/igf-0180,박서윤,대학생활,방학 시작,종강,재학생,카드뉴스,가벼운 유머형,공유 유도,13:45,"3,995",223,6,69,22,발행 후 72시간,,115,보통
IGF-0181,2025-12-26,12,인스타그램,대학생이 종강 후 공허함 할 때 놓치기 쉬운 것들,https://instagram.com/p/igf-0181,김민지,대학생활,종강 후 공허함,종강,전체,피드,관찰형,프로필 링크,18:15,"12,877",796,47,255,68,발행 후 72시간,,413,보통
IGF-0182,2025-12-26,12,인스타그램,지금 대학생에게 필요한 새해 준비 정리,https://instagram.com/p/igf-0182,최예준,자기계발,새해 준비,종강,재학생,릴스,가벼운 유머형,저장 유도,21:10,"4,616",180,10,78,3,발행 후 72시간,짧은 영상 문법과 잘 맞는 주제,97,보통
IGF-0183,2025-12-29,12,인스타그램,대학생이라면 한 번쯤 겪는 방학 시작 현실,https://instagram.com/p/igf-0183,이도윤,대학생활,방학 시작,종강,재학생,피드,관찰형,공유 유도,19:05,"8,957",851,25,107,113,발행 후 72시간,주제 적합도는 높지만 확산력은 보통,398,보통
IGF-0184,2026-01-01,1,인스타그램,대학생 생활에서 자주 흔들리는 생활비 관리 포인트 한눈에 보기,https://instagram.com/p/igf-0184,정하린,소비,생활비 관리,방학,자취생,인터뷰,관찰형,공유 유도,11:05,"3,798",296,37,108,120,발행 후 72시간,제목/썸네일 보완 여지 있음,179,보통
HOMEF-0211,2026-01-01,1,홈페이지,대학생을 위한 실전 겨울방학 알바 노하우 바로 적용편,https://example.com/univ/home/2026/01/homef-0211,정하린,취업,겨울방학 알바,방학,취준생,기사,정보형,아카이브 이동,11:50,877,,4,,20,발행 후 14일,안정적인 반응,617,높음
IGF-0185,2026-01-01,1,인스타그램,대학생이라면 한 번쯤 겪는 계절학기 마무리 현실,https://instagram.com/p/igf-0185,정하린,대학생활,계절학기 마무리,방학,재학생,피드,관찰형,공유 유도,12:05,"13,056",859,10,374,140,발행 후 72시간,제목/썸네일 보완 여지 있음,485,보통
HOMEF-0212,2026-01-02,1,홈페이지,지금 대학생에게 필요한 방학 루틴 정리 공감 포인트,https://example.com/univ/home/2026/01/homef-0212,이도윤,자기계발,방학 루틴,방학,재학생,기사,정보형,공유 유도,15:30,"2,169",,32,,20,발행 후 7일,,"1,527",높음
HOMEF-0213,2026-01-03,1,홈페이지,대학생을 위한 계절학기 마무리 현실 조언 바로 적용편,https://example.com/univ/home/2026/01/homef-0213,한지우,대학생활,계절학기 마무리,방학,재학생,기사,실용형,공유 유도,11:10,586,,14,,23,발행 후 30일,안정적인 반응,415,보통
HOMEF-0214,2026-01-04,1,홈페이지,대학생을 위한 생활비 관리 현실 조언 입문편,https://example.com/univ/home/2026/01/homef-0214,한지우,소비,생활비 관리,방학,자취생,기사,공감형,공유 유도,09:10,"1,083",,37,,69,발행 후 14일,,772,높음
HOMEF-0215,2026-01-04,1,홈페이지,대학생이라면 한 번쯤 겪는 생활비 관리 현실,https://example.com/univ/home/2026/01/homef-0215,박서윤,소비,생활비 관리,방학,자취생,기사,정보형,댓글 유도,10:30,190,,6,,3,발행 후 14일,,135,낮음
IGF-0186,2026-01-04,1,인스타그램,대학생이라면 한 번쯤 겪는 생활비 관리 현실,https://instagram.com/p/igf-0186,한지우,소비,생활비 관리,방학,자취생,카드뉴스,관찰형,댓글 유도,13:15,"2,563",187,12,52,27,발행 후 48시간,후킹 포인트가 약한 편,97,보통
HOMEF-0216,2026-01-05,1,홈페이지,대학생을 위한 실전 계절학기 마무리 노하우,https://example.com/univ/home/2026/01/homef-0216,박서윤,대학생활,계절학기 마무리,방학,전체,기사,실용형,아카이브 이동,10:40,835,,18,,7,발행 후 14일,,589,높음
IGF-0187,2026-01-07,1,인스타그램,방학에 보는 대학생 방학 루틴 체크리스트,https://instagram.com/p/igf-0187,박서윤,자기계발,방학 루틴,방학,재학생,릴스,공감형,저장 유도,12:05,"3,619",782,23,133,38,발행 후 7일,짧은 영상 문법과 잘 맞는 주제,363,보통
HOMEF-0217,2026-01-07,1,홈페이지,대학생 관점에서 다시 본 새해 목표 체크포인트,https://example.com/univ/home/2026/01/homef-0217,박서윤,자기계발,새해 목표,방학,재학생,기사,정보형,링크 클릭,15:20,"1,316",,37,,70,발행 후 14일,,936,높음
HOMEF-0218,2026-01-08,1,홈페이지,요즘 대학생이 많이 찾는 새해 목표 팁 한눈에 보기,https://example.com/univ/home/2026/01/homef-0218,박서윤,자기계발,새해 목표,방학,재학생,인터뷰,실용형,공유 유도,15:00,959,,34,,25,발행 후 14일,,681,높음
HOMEF-0219,2026-01-08,1,홈페이지,대학생이 계절학기 마무리 할 때 놓치기 쉬운 것들 실전편,https://example.com/univ/home/2026/01/homef-0219,김민지,대학생활,계절학기 마무리,방학,전체,인터뷰,공감형,공유 유도,15:20,"1,110",,22,,47,발행 후 30일,초반 반응이 빠르게 올라감,786,높음
IGF-0188,2026-01-09,1,인스타그램,대학생 생활에서 자주 흔들리는 자격증 계획 포인트 요약본,https://instagram.com/p/igf-0188,한지우,취업,자격증 계획,방학,취준생,인터뷰,관찰형,프로필 링크,19:30,"6,908",862,10,88,130,발행 후 7일,주제 적합도는 높지만 확산력은 보통,398,보통
IGF-0189,2026-01-10,1,인스타그램,대학생을 위한 겨울방학 알바 현실 조언 현실 버전,https://instagram.com/p/igf-0189,박서윤,취업,겨울방학 알바,방학,취준생,인터뷰,실용형,공유 유도,13:15,"19,975","1,342",52,839,236,발행 후 48시간,,841,높음
HOMEF-0220,2026-01-10,1,홈페이지,대학생이 자격증 계획 할 때 놓치기 쉬운 것들,https://example.com/univ/home/2026/01/homef-0220,박서윤,취업,자격증 계획,방학,취준생,기사,정보형,아카이브 이동,17:30,164,,5,,6,발행 후 14일,후킹 포인트가 약한 편,116,낮음
IGF-0190,2026-01-10,1,인스타그램,대학생 관점에서 다시 본 새해 목표 요약본,https://instagram.com/p/igf-0190,정하린,자기계발,새해 목표,방학,재학생,카드뉴스,관찰형,프로필 링크,19:10,"1,441",56,6,26,10,발행 후 7일,후킹 포인트가 약한 편,33,낮음
HOMEF-0221,2026-01-12,1,홈페이지,대학생이 겨울방학 알바 할 때 놓치기 쉬운 것들 바로 적용편,https://example.com/univ/home/2026/01/homef-0221,한지우,취업,겨울방학 알바,방학,취준생,기사,정보형,공유 유도,14:50,701,,10,,12,발행 후 7일,제목/썸네일 보완 여지 있음,494,보통
IGF-0191,2026-01-12,1,인스타그램,지금 대학생에게 필요한 자격증 계획 정리 요약본,https://instagram.com/p/igf-0191,박서윤,취업,자격증 계획,방학,취준생,인터뷰,실용형,공유 유도,20:45,894,73,0,82,18,발행 후 72시간,시의성은 맞지만 반응은 낮음,57,낮음
IGF-0192,2026-01-13,1,인스타그램,대학생이라면 한 번쯤 겪는 계절학기 마무리 현실,https://instagram.com/p/igf-0192,정하린,대학생활,계절학기 마무리,방학,재학생,릴스,가벼운 유머형,공유 유도,18:15,"3,642",219,12,48,30,발행 후 72시간,,109,보통
IGF-0193,2026-01-13,1,인스타그램,대학생 관점에서 다시 본 자격증 계획 실전편,https://instagram.com/p/igf-0193,김민지,취업,자격증 계획,방학,취준생,릴스,정보형,저장 유도,19:30,"19,445","1,279",48,732,282,발행 후 72시간,,792,높음
HOMEF-0222,2026-01-15,1,홈페이지,방학에 보는 대학생 계절학기 마무리 체크리스트,https://example.com/univ/home/2026/01/homef-0222,박서윤,대학생활,계절학기 마무리,방학,전체,기사,실용형,공유 유도,10:40,284,,6,,4,발행 후 30일,,200,낮음
HOMEF-0223,2026-01-15,1,홈페이지,지금 대학생에게 필요한 겨울방학 알바 정리,https://example.com/univ/home/2026/01/homef-0223,김민지,취업,겨울방학 알바,방학,취준생,카드뉴스,정보형,아카이브 이동,17:40,134,,2,,6,발행 후 14일,CTA 보완 필요,95,낮음
IGF-0194,2026-01-16,1,인스타그램,대학생을 위한 실전 새해 목표 노하우,https://instagram.com/p/igf-0194,김민지,자기계발,새해 목표,방학,재학생,카드뉴스,공감형,프로필 링크,20:05,"9,987",587,39,250,54,발행 후 48시간,안정적인 반응,325,보통
IGF-0195,2026-01-18,1,인스타그램,대학생을 위한 실전 새해 목표 노하우,https://instagram.com/p/igf-0195,한지우,자기계발,새해 목표,방학,전체,릴스,가벼운 유머형,저장 유도,11:15,"7,848",612,26,138,79,발행 후 48시간,,305,보통
IGF-0196,2026-01-18,1,인스타그램,대학생을 위한 방학 루틴 가이드 공감 포인트,https://instagram.com/p/igf-0196,박서윤,자기계발,방학 루틴,방학,전체,릴스,관찰형,저장 유도,12:00,"23,364","1,354",92,780,261,발행 후 72시간,초반 반응이 빠르게 올라감,837,높음
HOMEF-0224,2026-01-19,1,홈페이지,대학생이라면 한 번쯤 겪는 방학 루틴 현실 한눈에 보기,https://example.com/univ/home/2026/01/homef-0224,이도윤,자기계발,방학 루틴,방학,재학생,기사,실용형,링크 클릭,11:10,428,,6,,16,발행 후 14일,,302,보통
HOMEF-0225,2026-01-22,1,홈페이지,대학생을 위한 방학 루틴 가이드 현실 버전,https://example.com/univ/home/2026/01/homef-0225,한지우,자기계발,방학 루틴,방학,재학생,카드뉴스,정보형,아카이브 이동,14:00,831,,17,,15,발행 후 7일,제목/썸네일 보완 여지 있음,587,높음
IGF-0197,2026-01-25,1,인스타그램,요즘 대학생이 많이 찾는 방학 루틴 팁,https://instagram.com/p/igf-0197,이도윤,자기계발,방학 루틴,방학,재학생,피드,가벼운 유머형,저장 유도,21:15,"24,466","1,555",118,708,335,발행 후 48시간,,913,높음
IGF-0198,2026-01-27,1,인스타그램,지금 대학생에게 필요한 방학 루틴 정리 요약본,https://instagram.com/p/igf-0198,이도윤,자기계발,방학 루틴,방학,전체,릴스,관찰형,공유 유도,19:10,"5,406",448,46,305,78,발행 후 7일,주제 적합도는 높지만 확산력은 보통,291,보통
HOMEF-0226,2026-01-28,1,홈페이지,대학생을 위한 자격증 계획 현실 조언 체크포인트,https://example.com/univ/home/2026/01/homef-0226,정하린,취업,자격증 계획,방학,취준생,카드뉴스,관찰형,댓글 유도,10:20,476,,10,,21,발행 후 7일,제목/썸네일 보완 여지 있음,337,보통
IGF-0199,2026-01-28,1,인스타그램,대학생이 겨울방학 알바 할 때 놓치기 쉬운 것들,https://instagram.com/p/igf-0199,김민지,취업,겨울방학 알바,방학,취준생,카드뉴스,정보형,댓글 유도,20:15,"4,126",74,11,78,15,발행 후 7일,CTA 보완 필요,57,낮음
IGF-0200,2026-01-29,1,인스타그램,지금 대학생에게 필요한 자격증 계획 정리 공감 포인트,https://instagram.com/p/igf-0200,한지우,취업,자격증 계획,방학,취준생,피드,관찰형,저장 유도,12:30,"4,982",109,3,87,39,발행 후 72시간,,78,보통
IGF-0201,2026-01-31,1,인스타그램,대학생이라면 한 번쯤 겪는 계절학기 마무리 현실 현실 버전,https://instagram.com/p/igf-0201,정하린,대학생활,계절학기 마무리,방학,재학생,릴스,공감형,댓글 유도,12:00,"20,347","1,117",130,516,203,발행 후 7일,저장/공유 유도가 잘 먹힘,655,높음
HOMEF-0227,2026-02-01,2,홈페이지,대학생을 위한 실전 기숙사 준비 노하우 한눈에 보기,https://example.com/univ/home/2026/02/homef-0227,이도윤,대학생활,기숙사 준비,개강,자취생,기사,실용형,댓글 유도,09:50,410,,5,,7,발행 후 7일,CTA 보완 필요,289,보통
HOMEF-0228,2026-02-02,2,홈페이지,대학생을 위한 통학 루틴 가이드 입문편,https://example.com/univ/home/2026/02/homef-0228,박서윤,대학생활,통학 루틴,개강,재학생,기사,정보형,댓글 유도,10:10,617,,4,,15,발행 후 7일,주제 적합도는 높지만 확산력은 보통,434,보통
HOMEF-0229,2026-02-02,2,홈페이지,대학생을 위한 실전 시간표 짜기 노하우,https://example.com/univ/home/2026/02/homef-0229,한지우,자기계발,시간표 짜기,개강,재학생,카드뉴스,정보형,아카이브 이동,11:30,496,,4,,12,발행 후 7일,,349,보통
IGF-0202,2026-02-02,2,인스타그램,대학생 생활에서 자주 흔들리는 수강신청 포인트,https://instagram.com/p/igf-0202,최예준,대학생활,수강신청,개강,전체,카드뉴스,가벼운 유머형,댓글 유도,13:45,"7,539",783,47,399,68,발행 후 72시간,시즌 키워드와 맞물린 주제,451,보통
IGF-0203,2026-02-03,2,인스타그램,개강에 보는 대학생 시간표 짜기 체크리스트 현실 버전,https://instagram.com/p/igf-0203,정하린,자기계발,시간표 짜기,개강,재학생,카드뉴스,실용형,프로필 링크,13:00,"4,473",190,17,49,34,발행 후 48시간,후킹 포인트가 약한 편,99,보통
HOMEF-0230,2026-02-03,2,홈페이지,개강에 보는 대학생 기숙사 준비 체크리스트 바로 적용편,https://example.com/univ/home/2026/02/homef-0230,이도윤,대학생활,기숙사 준비,개강,자취생,기사,공감형,아카이브 이동,14:00,526,,17,,19,발행 후 14일,제목/썸네일 보완 여지 있음,374,보통
IGF-0204,2026-02-04,2,인스타그램,대학생을 위한 실전 시간표 짜기 노하우 체크포인트,https://instagram.com/p/igf-0204,이도윤,자기계발,시간표 짜기,개강,전체,릴스,가벼운 유머형,댓글 유도,11:30,"12,277",780,21,254,42,발행 후 72시간,,399,보통
HOMEF-0231,2026-02-04,2,홈페이지,대학생 관점에서 다시 본 통학 루틴 현실 버전,https://example.com/univ/home/2026/02/homef-0231,박서윤,대학생활,통학 루틴,개강,전체,기사,공감형,링크 클릭,11:50,"2,424",,45,,54,발행 후 14일,저장/공유 유도가 잘 먹힘,"1,711",높음
IGF-0205,2026-02-04,2,인스타그램,지금 대학생에게 필요한 시간표 짜기 정리 입문편,https://instagram.com/p/igf-0205,한지우,자기계발,시간표 짜기,개강,재학생,피드,가벼운 유머형,공유 유도,12:10,"12,432",508,25,399,40,발행 후 7일,시즌 키워드와 맞물린 주제,333,보통
IGF-0206,2026-02-04,2,인스타그램,대학생을 위한 수강신청 가이드,https://instagram.com/p/igf-0206,박서윤,대학생활,수강신청,개강,재학생,릴스,공감형,공유 유도,20:45,"13,438",709,19,250,65,발행 후 72시간,,374,보통
HOMEF-0232,2026-02-05,2,홈페이지,지금 대학생에게 필요한 수강신청 정리 체크포인트,https://example.com/univ/home/2026/02/homef-0232,김민지,대학생활,수강신청,개강,재학생,기사,공감형,링크 클릭,11:20,738,,4,,19,발행 후 30일,안정적인 반응,519,보통
IGF-0207,2026-02-05,2,인스타그램,대학생이라면 한 번쯤 겪는 시간표 짜기 현실 현실 버전,https://instagram.com/p/igf-0207,최예준,자기계발,시간표 짜기,개강,재학생,카드뉴스,실용형,프로필 링크,12:10,"12,049",662,41,180,109,발행 후 72시간,주제 적합도는 높지만 확산력은 보통,345,보통
HOMEF-0233,2026-02-07,2,홈페이지,대학생 관점에서 다시 본 새학기 준비물,https://example.com/univ/home/2026/02/homef-0233,이도윤,소비,새학기 준비물,개강,전체,기사,정보형,공유 유도,10:40,528,,14,,11,발행 후 30일,,374,보통
IGF-0208,2026-02-07,2,인스타그램,대학생을 위한 새학기 준비물 가이드 공감 포인트,https://instagram.com/p/igf-0208,이도윤,소비,새학기 준비물,개강,재학생,카드뉴스,공감형,공유 유도,12:45,"23,124",947,75,462,275,발행 후 48시간,계절성 주제 반응 우수,580,높음
HOMEF-0234,2026-02-08,2,홈페이지,개강에 보는 대학생 시간표 짜기 체크리스트 공감 포인트,https://example.com/univ/home/2026/02/homef-0234,정하린,자기계발,시간표 짜기,개강,전체,기사,정보형,공유 유도,11:50,"2,006",,49,,57,발행 후 7일,초반 반응이 빠르게 올라감,"1,420",높음
HOMEF-0235,2026-02-10,2,홈페이지,대학생을 위한 새내기 적응 가이드 요약본,https://example.com/univ/home/2026/02/homef-0235,최예준,관계,새내기 적응,개강,새내기,인터뷰,가벼운 유머형,링크 클릭,14:10,234,,0,,6,발행 후 30일,후킹 포인트가 약한 편,164,낮음
HOMEF-0236,2026-02-11,2,홈페이지,요즘 대학생이 많이 찾는 수강신청 팁 실전편,https://example.com/univ/home/2026/02/homef-0236,박서윤,대학생활,수강신청,개강,재학생,기사,실용형,댓글 유도,09:40,334,,4,,4,발행 후 14일,시의성은 맞지만 반응은 낮음,235,낮음
HOMEF-0237,2026-02-13,2,홈페이지,대학생 생활에서 자주 흔들리는 새내기 적응 포인트 현실 버전,https://example.com/univ/home/2026/02/homef-0237,최예준,관계,새내기 적응,개강,새내기,카드뉴스,공감형,공유 유도,11:30,260,,0,,1,발행 후 30일,후킹 포인트가 약한 편,182,낮음
IGF-0209,2026-02-16,2,인스타그램,대학생 관점에서 다시 본 수강신청,https://instagram.com/p/igf-0209,이도윤,대학생활,수강신청,개강,전체,피드,공감형,댓글 유도,19:15,"8,757",734,44,283,105,발행 후 72시간,주제 적합도는 높지만 확산력은 보통,404,보통
IGF-0210,2026-02-16,2,인스타그램,대학생을 위한 기숙사 준비 현실 조언 공감 포인트,https://instagram.com/p/igf-0210,정하린,대학생활,기숙사 준비,개강,자취생,피드,실용형,프로필 링크,21:45,"1,449",107,0,10,16,발행 후 48시간,,49,낮음
IGF-0211,2026-02-20,2,인스타그램,대학생이 새학기 준비물 할 때 놓치기 쉬운 것들,https://instagram.com/p/igf-0211,한지우,소비,새학기 준비물,개강,재학생,카드뉴스,실용형,댓글 유도,12:05,"5,010",250,43,347,111,발행 후 72시간,주제 적합도는 높지만 확산력은 보통,231,보통
IGF-0212,2026-02-20,2,인스타그램,대학생을 위한 실전 기숙사 준비 노하우 공감 포인트,https://instagram.com/p/igf-0212,정하린,대학생활,기숙사 준비,개강,자취생,카드뉴스,가벼운 유머형,저장 유도,18:05,"17,118","1,311",94,422,250,발행 후 7일,초반 반응이 빠르게 올라감,710,높음
IGF-0213,2026-02-22,2,인스타그램,대학생을 위한 새학기 준비물 현실 조언 현실 버전,https://instagram.com/p/igf-0213,김민지,소비,새학기 준비물,개강,전체,릴스,관찰형,공유 유도,20:10,"1,910",210,11,78,23,발행 후 7일,짧은 영상 문법과 잘 맞는 주제,113,보통
HOMEF-0238,2026-02-24,2,홈페이지,대학생을 위한 새내기 적응 가이드 요약본,https://example.com/univ/home/2026/02/homef-0238,최예준,관계,새내기 적응,개강,새내기,인터뷰,관찰형,링크 클릭,14:00,326,,1,,4,발행 후 14일,시즌 키워드와 맞물린 주제,229,낮음
HOMEF-0239,2026-02-24,2,홈페이지,대학생을 위한 새내기 적응 가이드 요약본,https://example.com/univ/home/2026/02/homef-0239,이도윤,관계,새내기 적응,개강,새내기,인터뷰,공감형,공유 유도,17:00,835,,7,,18,발행 후 14일,,588,높음
IGF-0214,2026-02-24,2,인스타그램,요즘 대학생이 많이 찾는 새내기 적응 팁 실전편,https://instagram.com/p/igf-0214,김민지,관계,새내기 적응,개강,새내기,카드뉴스,공감형,프로필 링크,20:30,"3,279",114,11,66,34,발행 후 48시간,CTA 보완 필요,73,낮음
HOMEF-0240,2026-02-25,2,홈페이지,개강에 보는 대학생 통학 루틴 체크리스트 한눈에 보기,https://example.com/univ/home/2026/02/homef-0240,김민지,대학생활,통학 루틴,개강,전체,기사,공감형,공유 유도,17:40,623,,3,,19,발행 후 30일,,439,보통
IGF-0215,2026-02-27,2,인스타그램,개강에 보는 대학생 통학 루틴 체크리스트 한눈에 보기,https://instagram.com/p/igf-0215,정하린,대학생활,통학 루틴,개강,재학생,인터뷰,실용형,댓글 유도,20:45,"5,207",661,51,385,31,발행 후 72시간,주제 적합도는 높지만 확산력은 보통,391,보통
IGF-0216,2026-02-28,2,인스타그램,대학생을 위한 통학 루틴 가이드,https://instagram.com/p/igf-0216,정하린,대학생활,통학 루틴,개강,재학생,릴스,실용형,댓글 유도,19:30,"17,951",958,93,594,286,발행 후 48시간,초반 반응이 빠르게 올라감,628,높음
IGF-0217,2026-02-28,2,인스타그램,개강에 보는 대학생 통학 루틴 체크리스트 바로 적용편,https://instagram.com/p/igf-0217,한지우,대학생활,통학 루틴,개강,재학생,카드뉴스,공감형,댓글 유도,21:20,"6,561",601,31,108,117,발행 후 72시간,제목/썸네일 보완 여지 있음,299,보통
HOMEF-0241,2026-03-01,3,홈페이지,지금 대학생에게 필요한 통학 피로 정리 바로 적용편,https://example.com/univ/home/2026/03/homef-0241,한지우,대학생활,통학 피로,신입생 적응,전체,기사,정보형,링크 클릭,09:10,715,,18,,16,발행 후 7일,,506,보통
IGF-0218,2026-03-02,3,인스타그램,대학생이라면 한 번쯤 겪는 캠퍼스 길찾기 현실 실전편,https://instagram.com/p/igf-0218,이도윤,캠퍼스 이슈,캠퍼스 길찾기,신입생 적응,새내기,피드,가벼운 유머형,공유 유도,13:05,"8,635",344,28,169,128,발행 후 48시간,주제 적합도는 높지만 확산력은 보통,217,보통
IGF-0219,2026-03-02,3,인스타그램,대학생이라면 한 번쯤 겪는 개강 적응 현실,https://instagram.com/p/igf-0219,정하린,대학생활,개강 적응,신입생 적응,전체,피드,공감형,댓글 유도,18:05,"4,245",678,44,281,76,발행 후 7일,안정적인 반응,375,보통
IGF-0220,2026-03-03,3,인스타그램,대학생이라면 한 번쯤 겪는 캠퍼스 길찾기 현실,https://instagram.com/p/igf-0220,이도윤,캠퍼스 이슈,캠퍼스 길찾기,신입생 적응,새내기,카드뉴스,가벼운 유머형,저장 유도,13:05,"7,101",388,37,275,90,발행 후 72시간,,259,보통
IGF-0221,2026-03-04,3,인스타그램,대학생을 위한 개강 적응 가이드,https://instagram.com/p/igf-0221,이도윤,대학생활,개강 적응,신입생 적응,재학생,릴스,관찰형,댓글 유도,19:20,"4,117",622,30,136,65,발행 후 48시간,주제 적합도는 높지만 확산력은 보통,306,보통
HOMEF-0242,2026-03-05,3,홈페이지,지금 대학생에게 필요한 동아리 정리,https://example.com/univ/home/2026/03/homef-0242,김민지,대학생활,동아리,신입생 적응,재학생,기사,정보형,아카이브 이동,17:00,457,,3,,4,발행 후 7일,주제 적합도는 높지만 확산력은 보통,321,보통
IGF-0222,2026-03-05,3,인스타그램,신입생 적응에 보는 대학생 개강 적응 체크리스트,https://instagram.com/p/igf-0222,정하린,대학생활,개강 적응,신입생 적응,전체,피드,가벼운 유머형,댓글 유도,19:10,"3,895",614,39,186,81,발행 후 48시간,,322,보통
HOMEF-0243,2026-03-07,3,홈페이지,요즘 대학생이 많이 찾는 통학 피로 팁,https://example.com/univ/home/2026/03/homef-0243,이도윤,대학생활,통학 피로,신입생 적응,재학생,카드뉴스,실용형,댓글 유도,17:10,707,,8,,10,발행 후 7일,,498,보통
HOMEF-0244,2026-03-08,3,홈페이지,요즘 대학생이 많이 찾는 팀플 팁 체크포인트,https://example.com/univ/home/2026/03/homef-0244,김민지,관계,팀플,신입생 적응,재학생,기사,공감형,아카이브 이동,11:20,"1,244",,40,,65,발행 후 30일,초반 반응이 빠르게 올라감,885,높음
IGF-0223,2026-03-09,3,인스타그램,신입생 적응에 보는 대학생 캠퍼스 길찾기 체크리스트,https://instagram.com/p/igf-0223,한지우,캠퍼스 이슈,캠퍼스 길찾기,신입생 적응,새내기,카드뉴스,공감형,댓글 유도,12:30,"7,682",327,29,371,45,발행 후 72시간,주제 적합도는 높지만 확산력은 보통,254,보통
IGF-0224,2026-03-09,3,인스타그램,대학생을 위한 개강 적응 현실 조언,https://instagram.com/p/igf-0224,김민지,대학생활,개강 적응,신입생 적응,재학생,인터뷰,실용형,저장 유도,18:10,"11,171",469,45,131,106,발행 후 72시간,,253,보통
HOMEF-0245,2026-03-10,3,홈페이지,요즘 대학생이 많이 찾는 개강 적응 팁,https://example.com/univ/home/2026/03/homef-0245,정하린,대학생활,개강 적응,신입생 적응,재학생,기사,공감형,링크 클릭,09:00,608,,7,,21,발행 후 14일,,429,보통
HOMEF-0246,2026-03-11,3,홈페이지,대학생이라면 한 번쯤 겪는 통학 피로 현실,https://example.com/univ/home/2026/03/homef-0246,김민지,대학생활,통학 피로,신입생 적응,재학생,기사,실용형,링크 클릭,11:40,551,,8,,6,발행 후 14일,안정적인 반응,388,보통
HOMEF-0247,2026-03-13,3,홈페이지,대학생을 위한 실전 팀플 노하우 현실 버전,https://example.com/univ/home/2026/03/homef-0247,이도윤,관계,팀플,신입생 적응,재학생,카드뉴스,공감형,댓글 유도,09:20,211,,0,,7,발행 후 7일,,148,낮음
IGF-0225,2026-03-13,3,인스타그램,대학생 생활에서 자주 흔들리는 친구 만들기 포인트 요약본,https://instagram.com/p/igf-0225,정하린,관계,친구 만들기,신입생 적응,새내기,릴스,가벼운 유머형,댓글 유도,18:30,821,104,7,31,16,발행 후 48시간,짧은 영상 문법과 잘 맞는 주제,55,낮음
HOMEF-0248,2026-03-14,3,홈페이지,대학생이라면 한 번쯤 겪는 동아리 현실 바로 적용편,https://example.com/univ/home/2026/03/homef-0248,박서윤,대학생활,동아리,신입생 적응,재학생,기사,공감형,링크 클릭,17:30,896,,11,,7,발행 후 14일,안정적인 반응,630,높음
IGF-0226,2026-03-15,3,인스타그램,대학생 생활에서 자주 흔들리는 친구 만들기 포인트,https://instagram.com/p/igf-0226,김민지,관계,친구 만들기,신입생 적응,새내기,피드,공감형,프로필 링크,11:15,"30,305","1,617",52,919,345,발행 후 72시간,저장/공유 유도가 잘 먹힘,997,높음
HOMEF-0249,2026-03-18,3,홈페이지,대학생을 위한 팀플 현실 조언 실전편,https://example.com/univ/home/2026/03/homef-0249,한지우,관계,팀플,신입생 적응,재학생,인터뷰,가벼운 유머형,링크 클릭,10:50,813,,11,,4,발행 후 14일,,572,높음
HOMEF-0250,2026-03-18,3,홈페이지,대학생을 위한 통학 피로 가이드,https://example.com/univ/home/2026/03/homef-0250,최예준,대학생활,통학 피로,신입생 적응,재학생,카드뉴스,정보형,공유 유도,11:10,364,,4,,6,발행 후 30일,,256,낮음
IGF-0227,2026-03-19,3,인스타그램,대학생을 위한 실전 친구 만들기 노하우 입문편,https://instagram.com/p/igf-0227,이도윤,관계,친구 만들기,신입생 적응,새내기,릴스,가벼운 유머형,공유 유도,21:15,"5,201",49,4,5,22,발행 후 7일,,26,낮음
HOMEF-0251,2026-03-20,3,홈페이지,대학생을 위한 실전 팀플 노하우 입문편,https://example.com/univ/home/2026/03/homef-0251,박서윤,관계,팀플,신입생 적응,전체,인터뷰,관찰형,링크 클릭,10:00,744,,9,,17,발행 후 14일,주제 적합도는 높지만 확산력은 보통,524,보통
HOMEF-0252,2026-03-21,3,홈페이지,대학생을 위한 친구 만들기 가이드,https://example.com/univ/home/2026/03/homef-0252,김민지,관계,친구 만들기,신입생 적응,새내기,인터뷰,공감형,공유 유도,14:50,561,,9,,21,발행 후 30일,안정적인 반응,397,보통
HOMEF-0253,2026-03-22,3,홈페이지,대학생이라면 한 번쯤 겪는 동아리 현실,https://example.com/univ/home/2026/03/homef-0253,한지우,대학생활,동아리,신입생 적응,재학생,기사,공감형,댓글 유도,10:30,614,,18,,24,발행 후 14일,제목/썸네일 보완 여지 있음,436,보통
HOMEF-0254,2026-03-23,3,홈페이지,대학생을 위한 친구 만들기 가이드 현실 버전,https://example.com/univ/home/2026/03/homef-0254,정하린,관계,친구 만들기,신입생 적응,새내기,인터뷰,관찰형,공유 유도,09:30,447,,3,,18,발행 후 30일,,315,보통
IGF-0228,2026-03-23,3,인스타그램,대학생이 팀플 할 때 놓치기 쉬운 것들 요약본,https://instagram.com/p/igf-0228,최예준,관계,팀플,신입생 적응,재학생,피드,공감형,저장 유도,21:15,"4,527",213,1,32,3,발행 후 7일,,96,보통
IGF-0229,2026-03-24,3,인스타그램,대학생을 위한 통학 피로 가이드,https://instagram.com/p/igf-0229,김민지,대학생활,통학 피로,신입생 적응,전체,피드,가벼운 유머형,댓글 유도,18:00,"7,017",269,27,370,88,발행 후 48시간,,239,보통
HOMEF-0255,2026-03-26,3,홈페이지,지금 대학생에게 필요한 캠퍼스 길찾기 정리 요약본,https://example.com/univ/home/2026/03/homef-0255,이도윤,캠퍼스 이슈,캠퍼스 길찾기,신입생 적응,새내기,인터뷰,실용형,공유 유도,11:50,469,,2,,14,발행 후 14일,제목/썸네일 보완 여지 있음,330,보통
IGF-0230,2026-03-26,3,인스타그램,대학생이 동아리 할 때 놓치기 쉬운 것들 현실 버전,https://instagram.com/p/igf-0230,박서윤,대학생활,동아리,신입생 적응,재학생,피드,관찰형,공유 유도,13:45,"4,914",59,7,52,28,발행 후 7일,,46,낮음
HOMEF-0256,2026-03-26,3,홈페이지,대학생을 위한 실전 팀플 노하우 체크포인트,https://example.com/univ/home/2026/03/homef-0256,정하린,관계,팀플,신입생 적응,재학생,카드뉴스,관찰형,댓글 유도,15:50,"1,951",,20,,36,발행 후 7일,,"1,373",높음
IGF-0231,2026-03-26,3,인스타그램,대학생을 위한 팀플 현실 조언 바로 적용편,https://instagram.com/p/igf-0231,정하린,관계,팀플,신입생 적응,재학생,피드,공감형,공유 유도,19:15,"13,547",861,14,170,41,발행 후 7일,안정적인 반응,405,보통
HOMEF-0257,2026-03-28,3,홈페이지,대학생이라면 한 번쯤 겪는 캠퍼스 길찾기 현실,https://example.com/univ/home/2026/03/homef-0257,최예준,캠퍼스 이슈,캠퍼스 길찾기,신입생 적응,새내기,기사,정보형,링크 클릭,17:00,606,,11,,23,발행 후 14일,,429,보통
IGF-0232,2026-03-28,3,인스타그램,지금 대학생에게 필요한 친구 만들기 정리 바로 적용편,https://instagram.com/p/igf-0232,정하린,관계,친구 만들기,신입생 적응,새내기,인터뷰,가벼운 유머형,댓글 유도,21:10,"24,494",972,39,"1,034",520,발행 후 7일,,807,높음
HOMEF-0258,2026-03-31,3,홈페이지,대학생 생활에서 자주 흔들리는 통학 피로 포인트,https://example.com/univ/home/2026/03/homef-0258,김민지,대학생활,통학 피로,신입생 적응,전체,기사,실용형,아카이브 이동,09:30,287,,2,,1,발행 후 30일,,201,낮음
IGF-0233,2026-03-31,3,인스타그램,요즘 대학생이 많이 찾는 캠퍼스 길찾기 팁 체크포인트,https://instagram.com/p/igf-0233,정하린,캠퍼스 이슈,캠퍼스 길찾기,신입생 적응,새내기,릴스,가벼운 유머형,댓글 유도,18:15,"4,814",173,4,18,34,발행 후 48시간,,82,보통
HOMEF-0259,2026-04-02,4,홈페이지,대학생이 공부 공간 할 때 놓치기 쉬운 것들 바로 적용편,https://example.com/univ/home/2026/04/homef-0259,이도윤,캠퍼스 이슈,공부 공간,중간고사,재학생,인터뷰,공감형,공유 유도,17:20,219,,2,,5,발행 후 7일,시의성은 맞지만 반응은 낮음,154,낮음
IGF-0234,2026-04-03,4,인스타그램,대학생이 밤샘 회복 할 때 놓치기 쉬운 것들 바로 적용편,https://instagram.com/p/igf-0234,이도윤,대학생활,밤샘 회복,중간고사,재학생,카드뉴스,관찰형,저장 유도,11:15,"7,947",532,18,393,46,발행 후 72시간,안정적인 반응,342,보통
IGF-0235,2026-04-03,4,인스타그램,대학생 생활에서 자주 흔들리는 시험 루틴 포인트,https://instagram.com/p/igf-0235,이도윤,자기계발,시험 루틴,중간고사,재학생,카드뉴스,가벼운 유머형,공유 유도,20:20,"6,167",616,12,118,100,발행 후 7일,,303,보통
HOMEF-0260,2026-04-04,4,홈페이지,대학생을 위한 집중력 관리 현실 조언 한눈에 보기,https://example.com/univ/home/2026/04/homef-0260,정하린,자기계발,집중력 관리,중간고사,재학생,인터뷰,공감형,공유 유도,09:10,"1,646",,36,,30,발행 후 14일,,"1,162",높음
IGF-0236,2026-04-04,4,인스타그램,대학생을 위한 실전 집중력 관리 노하우,https://instagram.com/p/igf-0236,최예준,자기계발,집중력 관리,중간고사,전체,피드,공감형,프로필 링크,20:45,"10,178",276,31,239,43,발행 후 48시간,제목/썸네일 보완 여지 있음,194,보통
IGF-0237,2026-04-05,4,인스타그램,대학생을 위한 실전 팀플 스트레스 노하우,https://instagram.com/p/igf-0237,김민지,관계,팀플 스트레스,중간고사,재학생,릴스,가벼운 유머형,공유 유도,13:20,"9,159",419,27,94,52,발행 후 7일,주제 적합도는 높지만 확산력은 보통,209,보통
HOMEF-0261,2026-04-06,4,홈페이지,대학생이 과제 정리 할 때 놓치기 쉬운 것들 한눈에 보기,https://example.com/univ/home/2026/04/homef-0261,김민지,대학생활,과제 정리,중간고사,재학생,인터뷰,실용형,링크 클릭,10:10,754,,12,,14,발행 후 7일,주제 적합도는 높지만 확산력은 보통,532,보통
IGF-0238,2026-04-08,4,인스타그램,대학생이라면 한 번쯤 겪는 밤샘 회복 현실,https://instagram.com/p/igf-0238,박서윤,대학생활,밤샘 회복,중간고사,전체,피드,실용형,댓글 유도,11:20,"24,835","1,535",112,813,445,발행 후 48시간,계절성 주제 반응 우수,958,높음
IGF-0239,2026-04-08,4,인스타그램,대학생이라면 한 번쯤 겪는 시험 루틴 현실,https://instagram.com/p/igf-0239,정하린,자기계발,시험 루틴,중간고사,재학생,피드,실용형,댓글 유도,12:05,"14,374","1,597",59,495,498,발행 후 72시간,시즌 키워드와 맞물린 주제,893,높음